Id,Label,POS_Category,Total_Frequency,partie
pouvoir,pouvoir,VERB,929,Partie_2
savoir,savoir,VERB,683,Partie_2
main,main,NOUN,654,Partie_2
Killian,Killian,PROPN,634,Partie_2
cœur,cœur,NOUN,554,Partie_2
vouloir,vouloir,VERB,537,Partie_2
fois,fois,NOUN,523,Partie_2
aller,aller,VERB,461,Partie_2
prendre,prendre,VERB,451,Partie_2
oeil,oeil,NOUN,447,Partie_2
temps,temps,NOUN,430,Partie_2
Arya,Arya,PROPN,425,Partie_2
mot,mot,NOUN,418,Partie_2
tête,tête,NOUN,412,Partie_2
regard,regard,NOUN,407,Partie_2
devoir,devoir,VERB,395,Partie_2
seul,seul,ADJ,377,Partie_2
corps,corps,NOUN,372,Partie_2
Aïdan,Aïdan,PROPN,365,Partie_2
nouveau,nouveau,ADJ,365,Partie_2
sang,sang,NOUN,361,Partie_2
grand,grand,ADJ,348,Partie_2
petit,petit,ADJ,348,Partie_2
laisser,laisser,VERB,318,Partie_2
mettre,mettre,VERB,318,Partie_2
passer,passer,VERB,313,Partie_2
venir,venir,VERB,310,Partie_2
vie,vie,NOUN,296,Partie_2
monde,monde,NOUN,295,Partie_2
voleur,voleur,NOUN,288,Partie_2
visage,visage,NOUN,287,Partie_2
magie,magie,NOUN,285,Partie_2
voix,voix,NOUN,280,Partie_2
Alric,Alric,PROPN,279,Partie_2
mots,mots,PROPN,274,Partie_2
voir,voir,VERB,259,Partie_2
côté,côté,NOUN,257,Partie_2
âme,âme,NOUN,256,Partie_2
jour,jour,NOUN,255,Partie_2
fasciné,fasciné,PROPN,251,Partie_2
croire,croire,VERB,247,Partie_2
beau,beau,ADJ,243,Partie_2
doute,doute,NOUN,241,Partie_2
peau,peau,NOUN,241,Partie_2
comprendre,comprendre,VERB,240,Partie_2
rester,rester,VERB,240,Partie_2
bras,bras,NOUN,239,Partie_2
coup,coup,NOUN,238,Partie_2
dernier,dernier,ADJ,234,Partie_2
donner,donner,VERB,233,Partie_2
Reina,Reina,PROPN,224,Partie_2
besoin,besoin,NOUN,224,Partie_2
moment,moment,NOUN,222,Partie_2
attendre,attendre,VERB,220,Partie_2
falloir,falloir,VERB,212,Partie_2
œil,œil,NOUN,212,Partie_2
doigt,doigt,NOUN,206,Partie_2
aimer,aimer,VERB,202,Partie_2
air,air,NOUN,202,Partie_2
perdre,perdre,VERB,200,Partie_2
sourire,sourire,NOUN,199,Partie_2
rendre,rendre,VERB,194,Partie_2
tomber,tomber,VERB,194,Partie_2
Passeuse,Passeuse,PROPN,193,Partie_2
demander,demander,VERB,186,Partie_2
trouver,trouver,VERB,186,Partie_2
mort,mort,NOUN,185,Partie_2
nuit,nuit,NOUN,185,Partie_2
prince,prince,NOUN,185,Partie_2
propre,propre,ADJ,185,Partie_2
connaître,connaître,VERB,182,Partie_2
créature,créature,NOUN,181,Partie_2
fin,fin,NOUN,180,Partie_2
bouche,bouche,NOUN,178,Partie_2
pied,pied,NOUN,176,Partie_2
lumière,lumière,NOUN,174,Partie_2
question,question,NOUN,171,Partie_2
Abel,Abel,PROPN,170,Partie_2
force,force,NOUN,170,Partie_2
noir,noir,ADJ,168,Partie_2
homme,homme,NOUN,166,Partie_2
place,place,NOUN,166,Partie_2
sentir,sentir,VERB,166,Partie_2
peur,peur,NOUN,165,Partie_2
souvenir,souvenir,NOUN,165,Partie_2
étoile,étoile,NOUN,164,Partie_2
chose,chose,NOUN,163,Partie_2
ciel,ciel,NOUN,163,Partie_2
devenir,devenir,VERB,163,Partie_2
esprit,esprit,NOUN,162,Partie_2
penser,penser,VERB,162,Partie_2
tenir,tenir,VERB,159,Partie_2
arriver,arriver,VERB,158,Partie_2
amour,amour,NOUN,154,Partie_2
long,long,ADJ,152,Partie_2
nom,nom,NOUN,150,Partie_2
feu,feu,NOUN,147,Partie_2
tour,tour,NOUN,147,Partie_2
dos,dos,NOUN,145,Partie_2
épaule,épaule,NOUN,140,Partie_2
entendre,entendre,VERB,139,Partie_2
porter,porter,VERB,139,Partie_2
cheveu,cheveu,NOUN,138,Partie_2
ouvrir,ouvrir,VERB,138,Partie_2
terre,terre,NOUN,138,Partie_2
changer,changer,VERB,137,Partie_2
seconde,seconde,NOUN,136,Partie_2
histoire,histoire,NOUN,135,Partie_2
lèvre,lèvre,NOUN,135,Partie_2
combat,combat,NOUN,134,Partie_2
part,part,NOUN,134,Partie_2
bout,bout,NOUN,133,Partie_2
femme,femme,NOUN,133,Partie_2
émotion,émotion,NOUN,133,Partie_2
chercher,chercher,VERB,132,Partie_2
arbre,arbre,NOUN,127,Partie_2
compter,compter,VERB,127,Partie_2
eau,eau,NOUN,127,Partie_2
jouer,jouer,VERB,127,Partie_2
arrêter,arrêter,VERB,126,Partie_2
vérité,vérité,NOUN,126,Partie_2
porte,porte,NOUN,125,Partie_2
rouge,rouge,ADJ,125,Partie_2
sembler,sembler,VERB,125,Partie_2
arène,arène,PROPN,124,Partie_2
envie,envie,NOUN,124,Partie_2
heure,heure,NOUN,124,Partie_2
vrai,vrai,ADJ,124,Partie_2
Thorval,Thorval,PROPN,123,Partie_2
continuer,continuer,VERB,123,Partie_2
partie,partie,NOUN,123,Partie_2
raison,raison,NOUN,123,Partie_2
suivre,suivre,VERB,123,Partie_2
confiance,confiance,NOUN,122,Partie_2
blanc,blanc,ADJ,121,Partie_2
choix,choix,NOUN,121,Partie_2
douleur,douleur,NOUN,121,Partie_2
éphémère,éphémère,PROPN,121,Partie_2
famille,famille,NOUN,120,Partie_2
ombre,ombre,NOUN,120,Partie_2
silence,silence,NOUN,119,Partie_2
fond,fond,NOUN,115,Partie_2
tourner,tourner,VERB,115,Partie_2
chemin,chemin,NOUN,113,Partie_2
oublier,oublier,VERB,113,Partie_2
sortir,sortir,VERB,113,Partie_2
lever,lever,VERB,112,Partie_2
servir,servir,VERB,112,Partie_2
prêt,prêt,ADJ,111,Partie_2
simple,simple,ADJ,111,Partie_2
sol,sol,NOUN,111,Partie_2
secret,secret,NOUN,109,Partie_2
droit,droit,NOUN,107,Partie_2
importer,importer,VERB,107,Partie_2
odeur,odeur,NOUN,107,Partie_2
pensée,pensée,NOUN,107,Partie_2
répondre,répondre,VERB,107,Partie_2
compte,compte,NOUN,106,Partie_2
Victoria,Victoria,PROPN,105,Partie_2
finir,finir,VERB,105,Partie_2
mauvais,mauvais,ADJ,105,Partie_2
sûr,sûr,ADJ,105,Partie_2
traverser,traverser,VERB,105,Partie_2
ami,ami,NOUN,104,Partie_2
sombre,sombre,ADJ,103,Partie_2
parler,parler,VERB,102,Partie_2
poitrine,poitrine,NOUN,102,Partie_2
souffrance,souffrance,NOUN,102,Partie_2
chair,chair,NOUN,101,Partie_2
retrouver,retrouver,VERB,101,Partie_2
rire,rire,NOUN,101,Partie_2
Palladium,Palladium,PROPN,100,Partie_2
rejoindre,rejoindre,VERB,100,Partie_2
table,table,NOUN,100,Partie_2
quitter,quitter,VERB,99,Partie_2
oreille,oreille,NOUN,98,Partie_2
cacher,cacher,VERB,97,Partie_2
compagnon,compagnon,NOUN,97,Partie_2
mourir,mourir,VERB,97,Partie_2
verre,verre,NOUN,97,Partie_2
abandonner,abandonner,VERB,95,Partie_2
empêcher,empêcher,VERB,95,Partie_2
parole,parole,NOUN,95,Partie_2
Eidolôn,Eidolôn,PROPN,94,Partie_2
bleu,bleu,ADJ,94,Partie_2
cause,cause,NOUN,94,Partie_2
garder,garder,VERB,94,Partie_2
Teslan,Teslan,PROPN,93,Partie_2
idée,idée,NOUN,93,Partie_2
peine,peine,NOUN,93,Partie_2
commencer,commencer,VERB,92,Partie_2
larme,larme,NOUN,92,Partie_2
manière,manière,NOUN,92,Partie_2
décider,décider,VERB,91,Partie_2
face,face,NOUN,91,Partie_2
pierre,pierre,NOUN,91,Partie_2
posséder,posséder,VERB,91,Partie_2
présent,présent,NOUN,91,Partie_2
exister,exister,VERB,90,Partie_2
sens,sens,NOUN,90,Partie_2
bruit,bruit,NOUN,89,Partie_2
royaume,royaume,NOUN,89,Partie_2
beauté,beauté,NOUN,88,Partie_2
bois,bois,NOUN,88,Partie_2
cri,cri,NOUN,88,Partie_2
manquer,manquer,VERB,88,Partie_2
tendre,tendre,VERB,88,Partie_2
combattant,combattant,NOUN,87,Partie_2
couleur,couleur,NOUN,87,Partie_2
jeter,jeter,VERB,87,Partie_2
milieu,milieu,NOUN,87,Partie_2
obliger,obliger,VERB,87,Partie_2
ville,ville,NOUN,87,Partie_2
aile,aile,NOUN,86,Partie_2
choisir,choisir,VERB,86,Partie_2
ligne,ligne,NOUN,86,Partie_2
miroir,miroir,NOUN,86,Partie_2
réussir,réussir,VERB,86,Partie_2
instant,instant,NOUN,85,Partie_2
mère,mère,NOUN,85,Partie_2
reste,reste,NOUN,85,Partie_2
retenir,retenir,VERB,85,Partie_2
soleil,soleil,NOUN,85,Partie_2
aider,aider,VERB,84,Partie_2
arme,arme,NOUN,84,Partie_2
relever,relever,VERB,84,Partie_2
intérieur,intérieur,NOUN,83,Partie_2
jambe,jambe,NOUN,83,Partie_2
langue,langue,NOUN,83,Partie_2
puissant,puissant,ADJ,83,Partie_2
reprendre,reprendre,VERB,83,Partie_2
énergie,énergie,NOUN,83,Partie_2
Megara,Megara,PROPN,82,Partie_2
geste,geste,NOUN,82,Partie_2
lieu,lieu,NOUN,82,Partie_2
utiliser,utiliser,VERB,82,Partie_2
accepter,accepter,VERB,81,Partie_2
battre,battre,VERB,81,Partie_2
cas,cas,NOUN,80,Partie_2
chance,chance,NOUN,80,Partie_2
cœurs,cœurs,NOUN,80,Partie_2
désir,désir,NOUN,80,Partie_2
froid,froid,ADJ,80,Partie_2
lien,lien,NOUN,80,Partie_2
maître,maître,PROPN,80,Partie_2
offrir,offrir,VERB,80,Partie_2
réponse,réponse,NOUN,80,Partie_2
Mantra,Mantra,PROPN,79,Partie_2
colère,colère,NOUN,79,Partie_2
enfoncer,enfoncer,VERB,79,Partie_2
forme,forme,NOUN,79,Partie_2
impression,impression,NOUN,79,Partie_2
pluie,pluie,NOUN,79,Partie_2
refuser,refuser,VERB,79,Partie_2
toucher,toucher,VERB,79,Partie_2
tuer,tuer,VERB,79,Partie_2
Rosenwald,Rosenwald,PROPN,78,Partie_2
ancien,ancien,ADJ,78,Partie_2
cristal,cristal,NOUN,78,Partie_2
partir,partir,VERB,78,Partie_2
sœur,sœur,NOUN,78,Partie_2
croiser,croiser,VERB,77,Partie_2
frère,frère,NOUN,77,Partie_2
revenir,revenir,VERB,77,Partie_2
éclat,éclat,NOUN,77,Partie_2
foyer,foyer,PROPN,76,Partie_2
jeune,jeune,ADJ,76,Partie_2
meilleur,meilleur,ADJ,76,Partie_2
présence,présence,NOUN,76,Partie_2
saule,saule,NOUN,76,Partie_2
souffle,souffle,NOUN,76,Partie_2
apprendre,apprendre,VERB,75,Partie_2
attention,attention,NOUN,75,Partie_2
chaleur,chaleur,NOUN,75,Partie_2
flamme,flamme,NOUN,75,Partie_2
gorge,gorge,NOUN,75,Partie_2
image,image,NOUN,75,Partie_2
pièce,pièce,NOUN,75,Partie_2
plume,plume,NOUN,75,Partie_2
poser,poser,VERB,75,Partie_2
pousser,pousser,VERB,75,Partie_2
protéger,protéger,VERB,75,Partie_2
sentiment,sentiment,NOUN,75,Partie_2
appartenir,appartenir,VERB,74,Partie_2
bas,bas,ADJ,74,Partie_2
espoir,espoir,NOUN,74,Partie_2
invisible,invisible,ADJ,74,Partie_2
retirer,retirer,VERB,74,Partie_2
fleur,fleur,NOUN,73,Partie_2
gris,gris,ADJ,73,Partie_2
travers,travers,NOUN,73,Partie_2
étrange,étrange,ADJ,73,Partie_2
Dhurgal,Dhurgal,PROPN,72,Partie_2
argent,argent,NOUN,72,Partie_2
cou,cou,NOUN,72,Partie_2
lieutenant,lieutenant,NOUN,72,Partie_2
nez,nez,NOUN,72,Partie_2
serpent,serpent,NOUN,72,Partie_2
briser,briser,VERB,71,Partie_2
suite,suite,NOUN,71,Partie_2
tenter,tenter,VERB,71,Partie_2
vide,vide,ADJ,70,Partie_2
capable,capable,ADJ,69,Partie_2
créer,créer,VERB,69,Partie_2
fil,fil,NOUN,69,Partie_2
guide,guide,NOUN,69,Partie_2
rêve,rêve,NOUN,69,Partie_2
sorte,sorte,NOUN,69,Partie_2
arracher,arracher,VERB,68,Partie_2
genre,genre,NOUN,68,Partie_2
général,général,ADJ,68,Partie_2
jeu,jeu,NOUN,68,Partie_2
moindre,moindre,ADJ,68,Partie_2
voler,voler,VERB,68,Partie_2
mur,mur,NOUN,67,Partie_2
roi,roi,NOUN,67,Partie_2
Archelune,Archelune,PROPN,66,Partie_2
ajouter,ajouter,VERB,66,Partie_2
creux,creux,NOUN,66,Partie_2
masque,masque,NOUN,66,Partie_2
ressembler,ressembler,VERB,66,Partie_2
retourner,retourner,VERB,66,Partie_2
ténèbre,ténèbre,NOUN,66,Partie_2
gardien,gardien,NOUN,65,Partie_2
inné,inné,PROPN,65,Partie_2
ferraille,ferraille,PROPN,64,Partie_2
parfait,parfait,ADJ,64,Partie_2
passage,passage,NOUN,64,Partie_2
ressentir,ressentir,VERB,64,Partie_2
véritable,véritable,ADJ,64,Partie_2
état,état,NOUN,64,Partie_2
atteindre,atteindre,VERB,63,Partie_2
chaud,chaud,ADJ,63,Partie_2
conscience,conscience,NOUN,63,Partie_2
entrer,entrer,VERB,63,Partie_2
minute,minute,NOUN,63,Partie_2
remarquer,remarquer,VERB,63,Partie_2
remettre,remettre,VERB,63,Partie_2
Halgerta,Halgerta,PROPN,62,Partie_2
accompagner,accompagner,VERB,62,Partie_2
amuser,amuser,VERB,62,Partie_2
heureux,heureux,ADJ,62,Partie_2
mouvement,mouvement,NOUN,62,Partie_2
cadeau,cadeau,NOUN,61,Partie_2
ennemi,ennemi,NOUN,61,Partie_2
essayer,essayer,VERB,61,Partie_2
montrer,montrer,VERB,61,Partie_2
obtenir,obtenir,VERB,61,Partie_2
possible,possible,ADJ,61,Partie_2
vent,vent,NOUN,61,Partie_2
vivre,vivre,VERB,61,Partie_2
Onome,Onome,PROPN,60,Partie_2
Pixie,Pixie,PROPN,60,Partie_2
approcher,approcher,VERB,60,Partie_2
imaginer,imaginer,VERB,60,Partie_2
occuper,occuper,VERB,60,Partie_2
poids,poids,NOUN,60,Partie_2
regarder,regarder,VERB,60,Partie_2
soir,soir,NOUN,60,Partie_2
sujet,sujet,NOUN,60,Partie_2
ventre,ventre,NOUN,60,Partie_2
échapper,échapper,VERB,60,Partie_2
Limë,Limë,PROPN,59,Partie_2
douceur,douceur,NOUN,59,Partie_2
détourner,détourner,VERB,59,Partie_2
endroit,endroit,NOUN,59,Partie_2
monstre,monstre,NOUN,59,Partie_2
mériter,mériter,VERB,59,Partie_2
os,os,NOUN,59,Partie_2
partager,partager,VERB,59,Partie_2
père,père,NOUN,59,Partie_2
révéler,révéler,VERB,59,Partie_2
semblable,semblable,ADJ,59,Partie_2
Ignis,Ignis,PROPN,58,Partie_2
accorder,accorder,VERB,58,Partie_2
baiser,baiser,NOUN,58,Partie_2
commun,commun,ADJ,58,Partie_2
dent,dent,NOUN,58,Partie_2
entier,entier,ADJ,58,Partie_2
espérer,espérer,VERB,58,Partie_2
gros,gros,ADJ,58,Partie_2
libérer,libérer,VERB,58,Partie_2
préférer,préférer,VERB,58,Partie_2
retour,retour,NOUN,58,Partie_2
sortilège,sortilège,NOUN,58,Partie_2
souhaiter,souhaiter,VERB,58,Partie_2
suffire,suffire,VERB,58,Partie_2
Séïa,Séïa,PROPN,57,Partie_2
accrocher,accrocher,VERB,57,Partie_2
agir,agir,VERB,57,Partie_2
coin,coin,NOUN,57,Partie_2
former,former,VERB,57,Partie_2
frapper,frapper,VERB,57,Partie_2
livre,livre,NOUN,57,Partie_2
monter,monter,VERB,57,Partie_2
obscurité,obscurité,NOUN,57,Partie_2
poing,poing,NOUN,57,Partie_2
pression,pression,NOUN,57,Partie_2
sauver,sauver,VERB,57,Partie_2
écouter,écouter,VERB,57,Partie_2
Bruixe,Bruixe,PROPN,56,Partie_2
Kortan,Kortan,PROPN,56,Partie_2
chaos,chaos,NOUN,56,Partie_2
charger,charger,VERB,56,Partie_2
confier,confier,VERB,56,Partie_2
déposer,déposer,VERB,56,Partie_2
enfant,enfant,NOUN,56,Partie_2
papillon,papillon,NOUN,56,Partie_2
paupière,paupière,NOUN,56,Partie_2
reflet,reflet,NOUN,56,Partie_2
silhouette,silhouette,NOUN,56,Partie_2
vue,vue,NOUN,56,Partie_2
Naessis,Naessis,PROPN,55,Partie_2
dieu,dieu,NOUN,55,Partie_2
lit,lit,NOUN,55,Partie_2
maison,maison,NOUN,55,Partie_2
parfum,parfum,NOUN,55,Partie_2
réalité,réalité,NOUN,55,Partie_2
répéter,répéter,VERB,55,Partie_2
Galéjade,Galéjade,PROPN,54,Partie_2
Horner,Horner,PROPN,54,Partie_2
angoisse,angoisse,NOUN,54,Partie_2
contenter,contenter,VERB,54,Partie_2
lueur,lueur,NOUN,54,Partie_2
mémoire,mémoire,NOUN,54,Partie_2
naître,naître,VERB,54,Partie_2
plaisir,plaisir,NOUN,54,Partie_2
trait,trait,NOUN,54,Partie_2
évidence,évidence,NOUN,54,Partie_2
Légèreté,Légèreté,NOUN,53,Partie_2
admettre,admettre,VERB,53,Partie_2
dangereux,dangereux,ADJ,53,Partie_2
destin,destin,NOUN,53,Partie_2
humain,humain,ADJ,53,Partie_2
magnifique,magnifique,ADJ,53,Partie_2
proposer,proposer,VERB,53,Partie_2
reconnaître,reconnaître,VERB,53,Partie_2
vieux,vieux,ADJ,53,Partie_2
Lyncée,Lyncée,PROPN,52,Partie_2
avancer,avancer,VERB,52,Partie_2
brûler,brûler,VERB,52,Partie_2
contenir,contenir,VERB,52,Partie_2
couper,couper,VERB,52,Partie_2
fille,fille,NOUN,52,Partie_2
marche,marche,NOUN,52,Partie_2
oiseau,oiseau,NOUN,52,Partie_2
prisonnier,prisonnier,NOUN,52,Partie_2
Marâ,Marâ,PROPN,51,Partie_2
Sol'Zar,Sol'Zar,PROPN,51,Partie_2
avouer,avouer,VERB,51,Partie_2
bonheur,bonheur,NOUN,51,Partie_2
début,début,NOUN,51,Partie_2
envoyer,envoyer,VERB,51,Partie_2
fer,fer,NOUN,51,Partie_2
glisser,glisser,VERB,51,Partie_2
joie,joie,NOUN,51,Partie_2
magique,magique,ADJ,51,Partie_2
mener,mener,VERB,51,Partie_2
rage,rage,NOUN,51,Partie_2
rencontrer,rencontrer,VERB,51,Partie_2
surprendre,surprendre,VERB,51,Partie_2
Nightbringer,Nightbringer,PROPN,50,Partie_2
appeler,appeler,VERB,50,Partie_2
apporter,apporter,VERB,50,Partie_2
avance,avance,NOUN,50,Partie_2
carte,carte,NOUN,50,Partie_2
cesser,cesser,VERB,50,Partie_2
libre,libre,ADJ,50,Partie_2
élever,élever,VERB,50,Partie_2
allié,allié,NOUN,49,Partie_2
couche,couche,NOUN,49,Partie_2
couler,couler,VERB,49,Partie_2
forcer,forcer,VERB,49,Partie_2
habitude,habitude,NOUN,49,Partie_2
important,important,ADJ,49,Partie_2
morceau,morceau,NOUN,49,Partie_2
ordre,ordre,NOUN,49,Partie_2
repousser,repousser,VERB,49,Partie_2
veine,veine,NOUN,49,Partie_2
vision,vision,NOUN,49,Partie_2
vois,vois,ADJ,49,Partie_2
écraser,écraser,VERB,49,Partie_2
éloigner,éloigner,VERB,49,Partie_2
contraire,contraire,NOUN,48,Partie_2
doux,doux,ADJ,48,Partie_2
drôle,drôle,ADJ,48,Partie_2
découvrir,découvrir,VERB,48,Partie_2
encre,encre,NOUN,48,Partie_2
fou,fou,ADJ,48,Partie_2
nature,nature,NOUN,48,Partie_2
niveau,niveau,NOUN,48,Partie_2
poussière,poussière,NOUN,48,Partie_2
problème,problème,NOUN,48,Partie_2
précieux,précieux,ADJ,48,Partie_2
préparer,préparer,VERB,48,Partie_2
torse,torse,NOUN,48,Partie_2
Gemelli,Gemelli,PROPN,47,Partie_2
Guérisseuse,Guérisseuse,PROPN,47,Partie_2
accueillir,accueillir,VERB,47,Partie_2
apparence,apparence,NOUN,47,Partie_2
chemise,chemise,NOUN,47,Partie_2
expliquer,expliquer,VERB,47,Partie_2
glacé,glacé,ADJ,47,Partie_2
goût,goût,NOUN,47,Partie_2
métal,métal,NOUN,47,Partie_2
oser,oser,VERB,47,Partie_2
permettre,permettre,VERB,47,Partie_2
pire,pire,NOUN,47,Partie_2
plan,plan,NOUN,47,Partie_2
profiter,profiter,VERB,47,Partie_2
saisir,saisir,VERB,47,Partie_2
sensation,sensation,NOUN,47,Partie_2
valoir,valoir,VERB,47,Partie_2
Hélianthe,Hélianthe,PROPN,46,Partie_2
Meg,Meg,PROPN,46,Partie_2
bord,bord,NOUN,46,Partie_2
lame,lame,NOUN,46,Partie_2
observer,observer,VERB,46,Partie_2
parvenir,parvenir,VERB,46,Partie_2
pencher,pencher,VERB,46,Partie_2
récupérer,récupérer,VERB,46,Partie_2
signe,signe,NOUN,46,Partie_2
éviter,éviter,VERB,46,Partie_2
Hélios,Hélios,PROPN,45,Partie_2
Onyx,Onyx,PROPN,45,Partie_2
battement,battement,NOUN,45,Partie_2
cage,cage,NOUN,45,Partie_2
danger,danger,NOUN,45,Partie_2
feuille,feuille,NOUN,45,Partie_2
information,information,NOUN,45,Partie_2
lancer,lancer,VERB,45,Partie_2
lire,lire,VERB,45,Partie_2
lourd,lourd,ADJ,45,Partie_2
séparer,séparer,VERB,45,Partie_2
œuvre,œuvre,NOUN,45,Partie_2
espace,espace,NOUN,44,Partie_2
expression,expression,NOUN,44,Partie_2
fumée,fumée,NOUN,44,Partie_2
gagner,gagner,VERB,44,Partie_2
goutte,goutte,NOUN,44,Partie_2
joue,joue,NOUN,44,Partie_2
objet,objet,NOUN,44,Partie_2
preuve,preuve,NOUN,44,Partie_2
recevoir,recevoir,VERB,44,Partie_2
revanche,revanche,NOUN,44,Partie_2
supporter,supporter,VERB,44,Partie_2
taille,taille,NOUN,44,Partie_2
animal,animal,NOUN,43,Partie_2
chaîne,chaîne,NOUN,43,Partie_2
cracher,cracher,VERB,43,Partie_2
cuir,cuir,NOUN,43,Partie_2
effacer,effacer,VERB,43,Partie_2
garde,garde,NOUN,43,Partie_2
manque,manque,NOUN,43,Partie_2
membre,membre,NOUN,43,Partie_2
mer,mer,NOUN,43,Partie_2
pauvre,pauvre,ADJ,43,Partie_2
sec,sec,ADJ,43,Partie_2
souffler,souffler,VERB,43,Partie_2
soulever,soulever,VERB,43,Partie_2
surface,surface,NOUN,43,Partie_2
Een,Een,PROPN,42,Partie_2
chambre,chambre,NOUN,42,Partie_2
court,court,ADJ,42,Partie_2
disparaître,disparaître,VERB,42,Partie_2
faux,faux,ADJ,42,Partie_2
fermer,fermer,VERB,42,Partie_2
maudit,maudit,ADJ,42,Partie_2
miracle,miracle,NOUN,42,Partie_2
perfection,perfection,NOUN,42,Partie_2
profond,profond,ADJ,42,Partie_2
racine,racine,NOUN,42,Partie_2
robe,robe,NOUN,42,Partie_2
sable,sable,NOUN,42,Partie_2
éclater,éclater,VERB,42,Partie_2
Luna,Luna,PROPN,41,Partie_2
calme,calme,NOUN,41,Partie_2
cristaux,cristaux,NOUN,41,Partie_2
détester,détester,VERB,41,Partie_2
foule,foule,NOUN,41,Partie_2
guerre,guerre,NOUN,41,Partie_2
hauteur,hauteur,NOUN,41,Partie_2
iris,iris,NOUN,41,Partie_2
lâcher,lâcher,VERB,41,Partie_2
mesure,mesure,NOUN,41,Partie_2
paume,paume,NOUN,41,Partie_2
pointer,pointer,VERB,41,Partie_2
prix,prix,NOUN,41,Partie_2
puissance,puissance,NOUN,41,Partie_2
regretter,regretter,VERB,41,Partie_2
tas,tas,NOUN,41,Partie_2
tirer,tirer,VERB,41,Partie_2
épée,épée,NOUN,41,Partie_2
adorer,adorer,VERB,40,Partie_2
allonger,allonger,VERB,40,Partie_2
appel,appel,NOUN,40,Partie_2
blessure,blessure,NOUN,40,Partie_2
double,double,ADJ,40,Partie_2
emporter,emporter,VERB,40,Partie_2
espèce,espèce,NOUN,40,Partie_2
inquiéter,inquiéter,VERB,40,Partie_2
léger,léger,ADJ,40,Partie_2
mois,mois,NOUN,40,Partie_2
neige,neige,NOUN,40,Partie_2
rappeler,rappeler,VERB,40,Partie_2
volonté,volonté,NOUN,40,Partie_2
Loothar,Loothar,PROPN,39,Partie_2
fils,fils,NOUN,39,Partie_2
horreur,horreur,NOUN,39,Partie_2
moitié,moitié,NOUN,39,Partie_2
nombre,nombre,NOUN,39,Partie_2
pointe,pointe,NOUN,39,Partie_2
prochain,prochain,ADJ,39,Partie_2
rose,rose,NOUN,39,Partie_2
réclamer,réclamer,VERB,39,Partie_2
secouer,secouer,VERB,39,Partie_2
sourcil,sourcil,NOUN,39,Partie_2
victoire,victoire,NOUN,39,Partie_2
Cœur,Cœur,PROPN,38,Partie_2
branche,branche,NOUN,38,Partie_2
contempler,contempler,VERB,38,Partie_2
difficile,difficile,ADJ,38,Partie_2
déverser,déverser,VERB,38,Partie_2
enrouler,enrouler,VERB,38,Partie_2
fiole,fiole,NOUN,38,Partie_2
forêt,forêt,NOUN,38,Partie_2
liberté,liberté,NOUN,38,Partie_2
trace,trace,NOUN,38,Partie_2
voile,voile,PROPN,38,Partie_2
voulais,voulais,VERB,38,Partie_2
Mantras,Mantras,PROPN,37,Partie_2
assurer,assurer,VERB,37,Partie_2
attaque,attaque,NOUN,37,Partie_2
avis,avis,NOUN,37,Partie_2
brillant,brillant,ADJ,37,Partie_2
domaine,domaine,NOUN,37,Partie_2
détacher,détacher,VERB,37,Partie_2
front,front,NOUN,37,Partie_2
glace,glace,NOUN,37,Partie_2
imposer,imposer,VERB,37,Partie_2
marquer,marquer,VERB,37,Partie_2
muscle,muscle,NOUN,37,Partie_2
nuage,nuage,NOUN,37,Partie_2
plaie,plaie,NOUN,37,Partie_2
plaire,plaire,VERB,37,Partie_2
poche,poche,NOUN,37,Partie_2
prononcer,prononcer,VERB,37,Partie_2
prêter,prêter,VERB,37,Partie_2
raconter,raconter,VERB,37,Partie_2
rare,rare,ADJ,37,Partie_2
reposer,reposer,VERB,37,Partie_2
rôle,rôle,NOUN,37,Partie_2
spectacle,spectacle,NOUN,37,Partie_2
tempête,tempête,NOUN,37,Partie_2
toile,toile,NOUN,37,Partie_2
vêtement,vêtement,NOUN,37,Partie_2
écarter,écarter,VERB,37,Partie_2
épais,épais,ADJ,37,Partie_2
Khamsin,Khamsin,PROPN,36,Partie_2
aide,aide,NOUN,36,Partie_2
chapiteau,chapiteau,NOUN,36,Partie_2
contact,contact,NOUN,36,Partie_2
courage,courage,NOUN,36,Partie_2
envoler,envoler,VERB,36,Partie_2
existence,existence,NOUN,36,Partie_2
intéresser,intéresser,VERB,36,Partie_2
nourrir,nourrir,VERB,36,Partie_2
ongle,ongle,NOUN,36,Partie_2
présenter,présenter,VERB,36,Partie_2
sommeil,sommeil,NOUN,36,Partie_2
suspendre,suspendre,VERB,36,Partie_2
tableau,tableau,NOUN,36,Partie_2
violence,violence,NOUN,36,Partie_2
vivant,vivant,ADJ,36,Partie_2
échange,échange,NOUN,36,Partie_2
Ravenwood,Ravenwood,PROPN,35,Partie_2
Thétys,Thétys,PROPN,35,Partie_2
briller,briller,VERB,35,Partie_2
champ,champ,NOUN,35,Partie_2
cité,cité,NOUN,35,Partie_2
douloureux,douloureux,ADJ,35,Partie_2
exclamer,exclamer,VERB,35,Partie_2
joyau,joyau,NOUN,35,Partie_2
remplir,remplir,VERB,35,Partie_2
réfléchir,réfléchir,VERB,35,Partie_2
sacrifice,sacrifice,NOUN,35,Partie_2
sueur,sueur,NOUN,35,Partie_2
Cassandre,Cassandre,PROPN,34,Partie_2
clé,clé,NOUN,34,Partie_2
corneille,corneille,NOUN,34,Partie_2
devr,devr,VERB,34,Partie_2
dur,dur,ADJ,34,Partie_2
débarrasser,débarrasser,VERB,34,Partie_2
entrée,entrée,NOUN,34,Partie_2
erreur,erreur,NOUN,34,Partie_2
fier,fier,ADJ,34,Partie_2
grain,grain,NOUN,34,Partie_2
grave,grave,ADJ,34,Partie_2
large,large,ADJ,34,Partie_2
maintenir,maintenir,VERB,34,Partie_2
marcher,marcher,VERB,34,Partie_2
mission,mission,NOUN,34,Partie_2
nuque,nuque,NOUN,34,Partie_2
pleureur,pleureur,ADJ,34,Partie_2
plonger,plonger,VERB,34,Partie_2
ramener,ramener,VERB,34,Partie_2
rattraper,rattraper,VERB,34,Partie_2
reculer,reculer,VERB,34,Partie_2
remonter,remonter,VERB,34,Partie_2
rencontre,rencontre,NOUN,34,Partie_2
salle,salle,NOUN,34,Partie_2
étouffer,étouffer,VERB,34,Partie_2
Amok,Amok,PROPN,33,Partie_2
bête,bête,NOUN,33,Partie_2
déchirer,déchirer,VERB,33,Partie_2
départ,départ,NOUN,33,Partie_2
dépasser,dépasser,VERB,33,Partie_2
fantôme,fantôme,NOUN,33,Partie_2
fondre,fondre,VERB,33,Partie_2
gonfler,gonfler,VERB,33,Partie_2
haine,haine,NOUN,33,Partie_2
inviter,inviter,VERB,33,Partie_2
occasion,occasion,NOUN,33,Partie_2
paraître,paraître,VERB,33,Partie_2
plaquer,plaquer,VERB,33,Partie_2
poignet,poignet,NOUN,33,Partie_2
prévenir,prévenir,VERB,33,Partie_2
remplacer,remplacer,VERB,33,Partie_2
scène,scène,NOUN,33,Partie_2
unique,unique,ADJ,33,Partie_2
Cristal,Cristal,PROPN,32,Partie_2
Valaan,Valaan,PROPN,32,Partie_2
accord,accord,NOUN,32,Partie_2
affaire,affaire,NOUN,32,Partie_2
attente,attente,NOUN,32,Partie_2
boue,boue,NOUN,32,Partie_2
boule,boule,NOUN,32,Partie_2
cauchemar,cauchemar,NOUN,32,Partie_2
cendre,cendre,NOUN,32,Partie_2
cruel,cruel,ADJ,32,Partie_2
crâne,crâne,NOUN,32,Partie_2
descendre,descendre,VERB,32,Partie_2
décision,décision,NOUN,32,Partie_2
déplacer,déplacer,VERB,32,Partie_2
faible,faible,ADJ,32,Partie_2
inconnu,inconnu,ADJ,32,Partie_2
livrer,livrer,VERB,32,Partie_2
marque,marque,NOUN,32,Partie_2
moyen,moyen,NOUN,32,Partie_2
pareil,pareil,ADJ,32,Partie_2
passion,passion,NOUN,32,Partie_2
pitié,pitié,NOUN,32,Partie_2
revoir,revoir,VERB,32,Partie_2
sein,sein,NOUN,32,Partie_2
tension,tension,NOUN,32,Partie_2
vague,vague,NOUN,32,Partie_2
éteindre,éteindre,VERB,32,Partie_2
Hellébore,Hellébore,PROPN,31,Partie_2
acte,acte,NOUN,31,Partie_2
bouclier,bouclier,NOUN,31,Partie_2
cape,cape,NOUN,31,Partie_2
cercle,cercle,NOUN,31,Partie_2
coller,coller,VERB,31,Partie_2
conscient,conscient,ADJ,31,Partie_2
dague,dague,NOUN,31,Partie_2
détail,détail,NOUN,31,Partie_2
effort,effort,NOUN,31,Partie_2
fierté,fierté,NOUN,31,Partie_2
impossible,impossible,ADJ,31,Partie_2
insecte,insecte,NOUN,31,Partie_2
intention,intention,NOUN,31,Partie_2
limite,limite,NOUN,31,Partie_2
menton,menton,NOUN,31,Partie_2
monsieur,monsieur,NOUN,31,Partie_2
paille,paille,NOUN,31,Partie_2
refermer,refermer,VERB,31,Partie_2
rouler,rouler,VERB,31,Partie_2
réveiller,réveiller,VERB,31,Partie_2
sérieux,sérieux,ADJ,31,Partie_2
tromper,tromper,VERB,31,Partie_2
Solzarien,Solzarien,PROPN,30,Partie_2
agréable,agréable,ADJ,30,Partie_2
atmosphère,atmosphère,NOUN,30,Partie_2
bataille,bataille,NOUN,30,Partie_2
chagrin,chagrin,NOUN,30,Partie_2
conversation,conversation,NOUN,30,Partie_2
coude,coude,NOUN,30,Partie_2
déesse,déesse,NOUN,30,Partie_2
fendre,fendre,VERB,30,Partie_2
flou,flou,ADJ,30,Partie_2
frisson,frisson,NOUN,30,Partie_2
gant,gant,NOUN,30,Partie_2
hanche,hanche,NOUN,30,Partie_2
index,index,NOUN,30,Partie_2
lumineux,lumineux,ADJ,30,Partie_2
marché,marché,NOUN,30,Partie_2
matin,matin,NOUN,30,Partie_2
mine,mine,NOUN,30,Partie_2
naturel,naturel,ADJ,30,Partie_2
paix,paix,NOUN,30,Partie_2
parent,parent,NOUN,30,Partie_2
promesse,promesse,NOUN,30,Partie_2
provoquer,provoquer,VERB,30,Partie_2
renverser,renverser,VERB,30,Partie_2
sacré,sacré,ADJ,30,Partie_2
service,service,NOUN,30,Partie_2
subir,subir,VERB,30,Partie_2
surprise,surprise,NOUN,30,Partie_2
terme,terme,NOUN,30,Partie_2
triste,triste,ADJ,30,Partie_2
valeur,valeur,NOUN,30,Partie_2
éclair,éclair,NOUN,30,Partie_2
Fantasmoir,Fantasmoir,PROPN,29,Partie_2
Nergal,Nergal,PROPN,29,Partie_2
absorber,absorber,VERB,29,Partie_2
achever,achever,VERB,29,Partie_2
année,année,NOUN,29,Partie_2
arrivée,arrivée,NOUN,29,Partie_2
aube,aube,NOUN,29,Partie_2
bijou,bijou,NOUN,29,Partie_2
bouger,bouger,VERB,29,Partie_2
couronne,couronne,NOUN,29,Partie_2
culpabilité,culpabilité,NOUN,29,Partie_2
digne,digne,ADJ,29,Partie_2
désespoir,désespoir,NOUN,29,Partie_2
emprunter,emprunter,VERB,29,Partie_2
fenêtre,fenêtre,NOUN,29,Partie_2
flèche,flèche,NOUN,29,Partie_2
gauche,gauche,NOUN,29,Partie_2
goûter,goûter,VERB,29,Partie_2
groupe,groupe,NOUN,29,Partie_2
intérêt,intérêt,NOUN,29,Partie_2
inutile,inutile,ADJ,29,Partie_2
mentir,mentir,VERB,29,Partie_2
nu,nu,ADJ,29,Partie_2
patience,patience,NOUN,29,Partie_2
placer,placer,VERB,29,Partie_2
prunelle,prunelle,NOUN,29,Partie_2
rassurer,rassurer,VERB,29,Partie_2
reine,reine,NOUN,29,Partie_2
relier,relier,VERB,29,Partie_2
respiration,respiration,NOUN,29,Partie_2
retomber,retomber,VERB,29,Partie_2
rythme,rythme,NOUN,29,Partie_2
sale,sale,ADJ,29,Partie_2
souffrir,souffrir,VERB,29,Partie_2
tailler,tailler,VERB,29,Partie_2
tendresse,tendresse,NOUN,29,Partie_2
terminer,terminer,VERB,29,Partie_2
travail,travail,NOUN,29,Partie_2
écouler,écouler,VERB,29,Partie_2
époque,époque,NOUN,29,Partie_2
éternel,éternel,ADJ,29,Partie_2
Grabarouge,Grabarouge,PROPN,28,Partie_2
absence,absence,NOUN,28,Partie_2
apprécier,apprécier,VERB,28,Partie_2
assister,assister,VERB,28,Partie_2
balance,balance,NOUN,28,Partie_2
bande,bande,NOUN,28,Partie_2
boire,boire,VERB,28,Partie_2
cadavre,cadavre,NOUN,28,Partie_2
caresser,caresser,VERB,28,Partie_2
coincer,coincer,VERB,28,Partie_2
composer,composer,VERB,28,Partie_2
céder,céder,VERB,28,Partie_2
désert,désert,NOUN,28,Partie_2
embrasser,embrasser,VERB,28,Partie_2
essence,essence,NOUN,28,Partie_2
exposer,exposer,VERB,28,Partie_2
faute,faute,NOUN,28,Partie_2
filet,filet,NOUN,28,Partie_2
fonctionner,fonctionner,VERB,28,Partie_2
fragile,fragile,ADJ,28,Partie_2
grimace,grimace,NOUN,28,Partie_2
géant,géant,ADJ,28,Partie_2
honte,honte,NOUN,28,Partie_2
hésiter,hésiter,VERB,28,Partie_2
illusion,illusion,NOUN,28,Partie_2
incruster,incruster,VERB,28,Partie_2
millier,millier,NOUN,28,Partie_2
mâchoire,mâchoire,NOUN,28,Partie_2
mèche,mèche,NOUN,28,Partie_2
ordinaire,ordinaire,ADJ,28,Partie_2
peinture,peinture,NOUN,28,Partie_2
prier,prier,VERB,28,Partie_2
promettre,promettre,VERB,28,Partie_2
pur,pur,ADJ,28,Partie_2
représenter,représenter,VERB,28,Partie_2
sauter,sauter,VERB,28,Partie_2
semaine,semaine,NOUN,28,Partie_2
silencieux,silencieux,ADJ,28,Partie_2
source,source,NOUN,28,Partie_2
survivre,survivre,VERB,28,Partie_2
équilibre,équilibre,NOUN,28,Partie_2
Clotho,Clotho,PROPN,27,Partie_2
Ha'zul,Ha'zul,PROPN,27,Partie_2
Héldon,Héldon,PROPN,27,Partie_2
Okéane,Okéane,PROPN,27,Partie_2
Tidus,Tidus,PROPN,27,Partie_2
artisan,artisan,PROPN,27,Partie_2
balancer,balancer,VERB,27,Partie_2
bulle,bulle,NOUN,27,Partie_2
but,but,NOUN,27,Partie_2
caractère,caractère,NOUN,27,Partie_2
centaine,centaine,NOUN,27,Partie_2
cesse,cesse,NOUN,27,Partie_2
changement,changement,NOUN,27,Partie_2
cicatrice,cicatrice,NOUN,27,Partie_2
cogner,cogner,VERB,27,Partie_2
colonne,colonne,NOUN,27,Partie_2
corde,corde,NOUN,27,Partie_2
destinée,destinée,NOUN,27,Partie_2
dormir,dormir,VERB,27,Partie_2
dévorer,dévorer,VERB,27,Partie_2
emparer,emparer,VERB,27,Partie_2
entraîner,entraîner,VERB,27,Partie_2
estomac,estomac,NOUN,27,Partie_2
exploser,exploser,VERB,27,Partie_2
expérience,expérience,NOUN,27,Partie_2
facile,facile,ADJ,27,Partie_2
frontière,frontière,PROPN,27,Partie_2
ignorer,ignorer,VERB,27,Partie_2
page,page,NOUN,27,Partie_2
paysage,paysage,NOUN,27,Partie_2
plafond,plafond,NOUN,27,Partie_2
priver,priver,VERB,27,Partie_2
protecteur,protecteur,NOUN,27,Partie_2
rejeter,rejeter,VERB,27,Partie_2
relâcher,relâcher,VERB,27,Partie_2
respirer,respirer,VERB,27,Partie_2
règle,règle,NOUN,27,Partie_2
réduire,réduire,VERB,27,Partie_2
second,second,ADJ,27,Partie_2
tache,tache,NOUN,27,Partie_2
tenue,tenue,NOUN,27,Partie_2
trembler,trembler,VERB,27,Partie_2
vin,vin,NOUN,27,Partie_2
évoquer,évoquer,VERB,27,Partie_2
Gallicia,Gallicia,PROPN,26,Partie_2
Grabarouges,Grabarouges,PROPN,26,Partie_2
Helléborin,Helléborin,PROPN,26,Partie_2
Liche,Liche,PROPN,26,Partie_2
Miasme,Miasme,NOUN,26,Partie_2
Nuna,Nuna,PROPN,26,Partie_2
Sablier,Sablier,PROPN,26,Partie_2
Thiban,Thiban,PROPN,26,Partie_2
bougie,bougie,NOUN,26,Partie_2
centre,centre,NOUN,26,Partie_2
combattre,combattre,VERB,26,Partie_2
compagnie,compagnie,NOUN,26,Partie_2
constellation,constellation,NOUN,26,Partie_2
couvrir,couvrir,VERB,26,Partie_2
distance,distance,NOUN,26,Partie_2
domestique,domestique,NOUN,26,Partie_2
dégager,dégager,VERB,26,Partie_2
flotter,flotter,VERB,26,Partie_2
garçon,garçon,NOUN,26,Partie_2
humeur,humeur,NOUN,26,Partie_2
hurlement,hurlement,NOUN,26,Partie_2
lier,lier,VERB,26,Partie_2
liquide,liquide,NOUN,26,Partie_2
lutter,lutter,VERB,26,Partie_2
manger,manger,VERB,26,Partie_2
mélanger,mélanger,VERB,26,Partie_2
ouvert,ouvert,ADJ,26,Partie_2
peindre,peindre,VERB,26,Partie_2
percer,percer,VERB,26,Partie_2
phrase,phrase,NOUN,26,Partie_2
repérer,repérer,VERB,26,Partie_2
route,route,NOUN,26,Partie_2
rumeur,rumeur,NOUN,26,Partie_2
réplique,réplique,NOUN,26,Partie_2
signifier,signifier,VERB,26,Partie_2
solide,solide,ADJ,26,Partie_2
tempe,tempe,NOUN,26,Partie_2
vaincre,vaincre,VERB,26,Partie_2
écrire,écrire,VERB,26,Partie_2
éveiller,éveiller,VERB,26,Partie_2
Lyseron,Lyseron,PROPN,25,Partie_2
Protego,Protego,PROPN,25,Partie_2
Saren,Saren,PROPN,25,Partie_2
Sumrala,Sumrala,PROPN,25,Partie_2
affronter,affronter,VERB,25,Partie_2
appuyer,appuyer,VERB,25,Partie_2
avaler,avaler,VERB,25,Partie_2
avertissement,avertissement,NOUN,25,Partie_2
bain,bain,NOUN,25,Partie_2
boîte,boîte,NOUN,25,Partie_2
brûlant,brûlant,ADJ,25,Partie_2
camp,camp,NOUN,25,Partie_2
chaise,chaise,NOUN,25,Partie_2
clair,clair,ADJ,25,Partie_2
collection,collection,NOUN,25,Partie_2
couloir,couloir,NOUN,25,Partie_2
cuisse,cuisse,NOUN,25,Partie_2
destiner,destiner,VERB,25,Partie_2
direction,direction,NOUN,25,Partie_2
drap,drap,NOUN,25,Partie_2
déformer,déformer,VERB,25,Partie_2
figure,figure,NOUN,25,Partie_2
foi,foi,NOUN,25,Partie_2
honneur,honneur,NOUN,25,Partie_2
malsain,malsain,ADJ,25,Partie_2
papier,papier,NOUN,25,Partie_2
planter,planter,VERB,25,Partie_2
pleurer,pleurer,VERB,25,Partie_2
poumon,poumon,NOUN,25,Partie_2
protection,protection,NOUN,25,Partie_2
queue,queue,NOUN,25,Partie_2
quête,quête,NOUN,25,Partie_2
recherche,recherche,NOUN,25,Partie_2
renfermer,renfermer,VERB,25,Partie_2
risque,risque,NOUN,25,Partie_2
réagir,réagir,VERB,25,Partie_2
réparer,réparer,VERB,25,Partie_2
soin,soin,NOUN,25,Partie_2
solzarien,solzarien,ADJ,25,Partie_2
sommet,sommet,NOUN,25,Partie_2
sucre,sucre,NOUN,25,Partie_2
sécurité,sécurité,NOUN,25,Partie_2
transformer,transformer,VERB,25,Partie_2
trou,trou,NOUN,25,Partie_2
Reine,Reine,PROPN,24,Partie_2
Vérité,Vérité,PROPN,24,Partie_2
adversaire,adversaire,NOUN,24,Partie_2
angle,angle,NOUN,24,Partie_2
art,art,NOUN,24,Partie_2
asseoir,asseoir,VERB,24,Partie_2
avenir,avenir,NOUN,24,Partie_2
botte,botte,NOUN,24,Partie_2
bref,bref,ADJ,24,Partie_2
clan,clan,NOUN,24,Partie_2
conseil,conseil,NOUN,24,Partie_2
courant,courant,NOUN,24,Partie_2
cours,cours,NOUN,24,Partie_2
crainte,crainte,NOUN,24,Partie_2
défendre,défendre,VERB,24,Partie_2
désirer,désirer,VERB,24,Partie_2
enfermer,enfermer,VERB,24,Partie_2
exprimer,exprimer,VERB,24,Partie_2
fabriquer,fabriquer,VERB,24,Partie_2
faiblesse,faiblesse,NOUN,24,Partie_2
falaise,falaise,NOUN,24,Partie_2
fatigue,fatigue,NOUN,24,Partie_2
franchir,franchir,VERB,24,Partie_2
fuir,fuir,VERB,24,Partie_2
griffe,griffe,NOUN,24,Partie_2
juger,juger,VERB,24,Partie_2
lance,lance,NOUN,24,Partie_2
maîtriser,maîtriser,VERB,24,Partie_2
moquer,moquer,VERB,24,Partie_2
nuance,nuance,NOUN,24,Partie_2
nécessaire,nécessaire,ADJ,24,Partie_2
ordonner,ordonner,VERB,24,Partie_2
piste,piste,NOUN,24,Partie_2
position,position,NOUN,24,Partie_2
poudre,poudre,NOUN,24,Partie_2
pénétrer,pénétrer,VERB,24,Partie_2
réserver,réserver,VERB,24,Partie_2
sacrifier,sacrifier,VERB,24,Partie_2
serrer,serrer,VERB,24,Partie_2
soldat,soldat,NOUN,24,Partie_2
tourment,tourment,NOUN,24,Partie_2
trahir,trahir,VERB,24,Partie_2
vendre,vendre,VERB,24,Partie_2
vider,vider,VERB,24,Partie_2
voleuse,voleuse,NOUN,24,Partie_2
écart,écart,NOUN,24,Partie_2
Lilith,Lilith,PROPN,23,Partie_2
Quartier,Quartier,PROPN,23,Partie_2
amoureux,amoureux,ADJ,23,Partie_2
armée,armée,NOUN,23,Partie_2
attarder,attarder,VERB,23,Partie_2
attirer,attirer,VERB,23,Partie_2
brume,brume,NOUN,23,Partie_2
charrette,charrette,NOUN,23,Partie_2
choc,choc,NOUN,23,Partie_2
construire,construire,VERB,23,Partie_2
curiosité,curiosité,NOUN,23,Partie_2
demeurer,demeurer,VERB,23,Partie_2
déclarer,déclarer,VERB,23,Partie_2
faillir,faillir,VERB,23,Partie_2
fidèle,fidèle,ADJ,23,Partie_2
futur,futur,ADJ,23,Partie_2
fête,fête,NOUN,23,Partie_2
genou,genou,NOUN,23,Partie_2
gueule,gueule,NOUN,23,Partie_2
humanité,humanité,NOUN,23,Partie_2
instrument,instrument,NOUN,23,Partie_2
invité,invité,NOUN,23,Partie_2
jugement,jugement,NOUN,23,Partie_2
marbre,marbre,NOUN,23,Partie_2
mortel,mortel,ADJ,23,Partie_2
mécanique,mécanique,ADJ,23,Partie_2
nerf,nerf,NOUN,23,Partie_2
nuée,nuée,NOUN,23,Partie_2
orage,orage,NOUN,23,Partie_2
patte,patte,NOUN,23,Partie_2
perte,perte,NOUN,23,Partie_2
précis,précis,ADJ,23,Partie_2
recouvrir,recouvrir,VERB,23,Partie_2
redresser,redresser,VERB,23,Partie_2
registre,registre,NOUN,23,Partie_2
regret,regret,NOUN,23,Partie_2
rune,rune,NOUN,23,Partie_2
saigner,saigner,VERB,23,Partie_2
signer,signer,VERB,23,Partie_2
soucier,soucier,VERB,23,Partie_2
symbole,symbole,NOUN,23,Partie_2
tapis,tapis,NOUN,23,Partie_2
tisser,tisser,VERB,23,Partie_2
tourbillon,tourbillon,NOUN,23,Partie_2
tracer,tracer,VERB,23,Partie_2
vert,vert,ADJ,23,Partie_2
violet,violet,ADJ,23,Partie_2
voie,voie,NOUN,23,Partie_2
voyage,voyage,NOUN,23,Partie_2
écaille,écaille,NOUN,23,Partie_2
énorme,énorme,ADJ,23,Partie_2
Maître,Maître,PROPN,22,Partie_2
Miroitière,Miroitière,PROPN,22,Partie_2
abattre,abattre,VERB,22,Partie_2
abri,abri,NOUN,22,Partie_2
an,an,NOUN,22,Partie_2
apparaître,apparaître,VERB,22,Partie_2
commettre,commettre,VERB,22,Partie_2
concentrer,concentrer,VERB,22,Partie_2
connaissance,connaissance,NOUN,22,Partie_2
convaincre,convaincre,VERB,22,Partie_2
couteau,couteau,NOUN,22,Partie_2
crain,crain,ADJ,22,Partie_2
craquer,craquer,VERB,22,Partie_2
creuser,creuser,VERB,22,Partie_2
crier,crier,VERB,22,Partie_2
croître,croître,VERB,22,Partie_2
don,don,NOUN,22,Partie_2
détruire,détruire,VERB,22,Partie_2
dévoiler,dévoiler,VERB,22,Partie_2
enchère,enchère,NOUN,22,Partie_2
essuyer,essuyer,VERB,22,Partie_2
folie,folie,NOUN,22,Partie_2
humide,humide,ADJ,22,Partie_2
hurler,hurler,VERB,22,Partie_2
hôte,hôte,NOUN,22,Partie_2
incapable,incapable,ADJ,22,Partie_2
jardin,jardin,NOUN,22,Partie_2
malheur,malheur,NOUN,22,Partie_2
mètre,mètre,NOUN,22,Partie_2
mêler,mêler,VERB,22,Partie_2
percevoir,percevoir,VERB,22,Partie_2
plante,plante,NOUN,22,Partie_2
ranger,ranger,VERB,22,Partie_2
rangée,rangée,NOUN,22,Partie_2
rassembler,rassembler,VERB,22,Partie_2
réaction,réaction,NOUN,22,Partie_2
soupir,soupir,NOUN,22,Partie_2
spécial,spécial,ADJ,22,Partie_2
suffisant,suffisant,ADJ,22,Partie_2
terrible,terrible,ADJ,22,Partie_2
tissu,tissu,NOUN,22,Partie_2
visite,visite,NOUN,22,Partie_2
vulnérable,vulnérable,ADJ,22,Partie_2
éclairer,éclairer,VERB,22,Partie_2
élan,élan,NOUN,22,Partie_2
Désert,Désert,PROPN,21,Partie_2
Hum,Hum,PROPN,21,Partie_2
Lachab,Lachab,PROPN,21,Partie_2
approche,approche,NOUN,21,Partie_2
attacher,attacher,VERB,21,Partie_2
averse,averse,NOUN,21,Partie_2
blond,blond,ADJ,21,Partie_2
bracelet,bracelet,NOUN,21,Partie_2
chasser,chasser,VERB,21,Partie_2
combler,combler,VERB,21,Partie_2
compassion,compassion,NOUN,21,Partie_2
condition,condition,NOUN,21,Partie_2
conséquence,conséquence,NOUN,21,Partie_2
coucher,coucher,VERB,21,Partie_2
coupe,coupe,NOUN,21,Partie_2
discret,discret,ADJ,21,Partie_2
défaut,défaut,NOUN,21,Partie_2
délicieux,délicieux,ADJ,21,Partie_2
entrailles,entrailles,NOUN,21,Partie_2
figer,figer,VERB,21,Partie_2
fruit,fruit,NOUN,21,Partie_2
frustration,frustration,NOUN,21,Partie_2
hasard,hasard,NOUN,21,Partie_2
infini,infini,ADJ,21,Partie_2
interdire,interdire,VERB,21,Partie_2
intervenir,intervenir,VERB,21,Partie_2
jaune,jaune,ADJ,21,Partie_2
joli,joli,ADJ,21,Partie_2
lointain,lointain,ADJ,21,Partie_2
loyauté,loyauté,NOUN,21,Partie_2
lunette,lunette,NOUN,21,Partie_2
madame,madame,NOUN,21,Partie_2
matière,matière,NOUN,21,Partie_2
montagne,montagne,NOUN,21,Partie_2
murmurer,murmurer,VERB,21,Partie_2
naissance,naissance,NOUN,21,Partie_2
nocturne,nocturne,ADJ,21,Partie_2
palais,palais,NOUN,21,Partie_2
plat,plat,NOUN,21,Partie_2
plupart,plupart,NOUN,21,Partie_2
poignard,poignard,NOUN,21,Partie_2
renvoyer,renvoyer,VERB,21,Partie_2
rond,rond,ADJ,21,Partie_2
serrure,serrure,NOUN,21,Partie_2
situation,situation,NOUN,21,Partie_2
spectateur,spectateur,NOUN,21,Partie_2
toiser,toiser,VERB,21,Partie_2
tordu,tordu,ADJ,21,Partie_2
tronc,tronc,NOUN,21,Partie_2
veiller,veiller,VERB,21,Partie_2
âge,âge,NOUN,21,Partie_2
épargner,épargner,VERB,21,Partie_2
éprouver,éprouver,VERB,21,Partie_2
épuiser,épuiser,VERB,21,Partie_2
étendre,étendre,VERB,21,Partie_2
étirer,étirer,VERB,21,Partie_2
action,action,NOUN,20,Partie_2
attaquer,attaquer,VERB,20,Partie_2
attraper,attraper,VERB,20,Partie_2
aventure,aventure,NOUN,20,Partie_2
cellule,cellule,NOUN,20,Partie_2
chute,chute,NOUN,20,Partie_2
cil,cil,NOUN,20,Partie_2
confondre,confondre,VERB,20,Partie_2
considérer,considérer,VERB,20,Partie_2
contours,contours,NOUN,20,Partie_2
craindre,craindre,VERB,20,Partie_2
discussion,discussion,NOUN,20,Partie_2
doré,doré,ADJ,20,Partie_2
droite,droite,NOUN,20,Partie_2
déborder,déborder,VERB,20,Partie_2
déclencher,déclencher,VERB,20,Partie_2
désoler,désoler,VERB,20,Partie_2
enfuir,enfuir,VERB,20,Partie_2
fatiguer,fatiguer,VERB,20,Partie_2
grandir,grandir,VERB,20,Partie_2
guerrier,guerrier,NOUN,20,Partie_2
haleine,haleine,NOUN,20,Partie_2
herbe,herbe,NOUN,20,Partie_2
illuminer,illuminer,VERB,20,Partie_2
installer,installer,VERB,20,Partie_2
joues,joues,NOUN,20,Partie_2
loi,loi,NOUN,20,Partie_2
menace,menace,NOUN,20,Partie_2
merveille,merveille,NOUN,20,Partie_2
musique,musique,NOUN,20,Partie_2
méfier,méfier,VERB,20,Partie_2
métallique,métallique,ADJ,20,Partie_2
obsidien,obsidien,NOUN,20,Partie_2
pardon,pardon,NOUN,20,Partie_2
plateau,plateau,NOUN,20,Partie_2
prière,prière,NOUN,20,Partie_2
promet,promet,NOUN,20,Partie_2
pupille,pupille,NOUN,20,Partie_2
rapprocher,rapprocher,VERB,20,Partie_2
rater,rater,VERB,20,Partie_2
responsable,responsable,ADJ,20,Partie_2
réflexion,réflexion,NOUN,20,Partie_2
serré,serré,ADJ,20,Partie_2
soie,soie,NOUN,20,Partie_2
sonner,sonner,VERB,20,Partie_2
tarder,tarder,VERB,20,Partie_2
tombe,tombe,NOUN,20,Partie_2
tremper,tremper,VERB,20,Partie_2
trône,trône,NOUN,20,Partie_2
tunnel,tunnel,NOUN,20,Partie_2
verser,verser,VERB,20,Partie_2
version,version,NOUN,20,Partie_2
échanger,échanger,VERB,20,Partie_2
échelle,échelle,NOUN,20,Partie_2
épreuve,épreuve,NOUN,20,Partie_2
étonner,étonner,VERB,20,Partie_2
Asha,Asha,PROPN,19,Partie_2
Kratos,Kratos,PROPN,19,Partie_2
Oyana,Oyana,PROPN,19,Partie_2
accès,accès,NOUN,19,Partie_2
adresser,adresser,VERB,19,Partie_2
aise,aise,NOUN,19,Partie_2
amant,amant,NOUN,19,Partie_2
apercevoir,apercevoir,VERB,19,Partie_2
casser,casser,VERB,19,Partie_2
château,château,NOUN,19,Partie_2
cirque,cirque,NOUN,19,Partie_2
claque,claque,NOUN,19,Partie_2
contrôle,contrôle,NOUN,19,Partie_2
corne,corne,NOUN,19,Partie_2
couverture,couverture,NOUN,19,Partie_2
crochet,crochet,NOUN,19,Partie_2
côte,côte,NOUN,19,Partie_2
danser,danser,VERB,19,Partie_2
deviner,deviner,VERB,19,Partie_2
dresser,dresser,VERB,19,Partie_2
flocon,flocon,NOUN,19,Partie_2
forger,forger,VERB,19,Partie_2
fouet,fouet,NOUN,19,Partie_2
gloire,gloire,NOUN,19,Partie_2
guise,guise,NOUN,19,Partie_2
heurter,heurter,VERB,19,Partie_2
impatience,impatience,NOUN,19,Partie_2
insinuer,insinuer,VERB,19,Partie_2
insister,insister,VERB,19,Partie_2
inspiration,inspiration,NOUN,19,Partie_2
menacer,menacer,VERB,19,Partie_2
merveilleux,merveilleux,ADJ,19,Partie_2
mouvant,mouvant,ADJ,19,Partie_2
mécanisme,mécanisme,NOUN,19,Partie_2
mélange,mélange,NOUN,19,Partie_2
mépris,mépris,NOUN,19,Partie_2
note,note,NOUN,19,Partie_2
nourriture,nourriture,NOUN,19,Partie_2
océan,océan,NOUN,19,Partie_2
panique,panique,NOUN,19,Partie_2
posture,posture,NOUN,19,Partie_2
pouce,pouce,NOUN,19,Partie_2
pâle,pâle,ADJ,19,Partie_2
recoin,recoin,NOUN,19,Partie_2
remède,remède,NOUN,19,Partie_2
repartir,repartir,VERB,19,Partie_2
ridicule,ridicule,ADJ,19,Partie_2
rivière,rivière,NOUN,19,Partie_2
rêver,rêver,VERB,19,Partie_2
siècle,siècle,NOUN,19,Partie_2
siège,siège,NOUN,19,Partie_2
solitude,solitude,NOUN,19,Partie_2
solution,solution,NOUN,19,Partie_2
sort,sort,NOUN,19,Partie_2
soumettre,soumettre,VERB,19,Partie_2
spectre,spectre,NOUN,19,Partie_2
stupide,stupide,ADJ,19,Partie_2
vulnérabilité,vulnérabilité,NOUN,19,Partie_2
écorce,écorce,NOUN,19,Partie_2
élégant,élégant,ADJ,19,Partie_2
Fer,Fer,PROPN,18,Partie_2
Pixies,Pixies,PROPN,18,Partie_2
Val,Val,PROPN,18,Partie_2
agripper,agripper,VERB,18,Partie_2
aiguille,aiguille,NOUN,18,Partie_2
annoncer,annoncer,VERB,18,Partie_2
assiette,assiette,NOUN,18,Partie_2
audace,audace,NOUN,18,Partie_2
aveugle,aveugle,ADJ,18,Partie_2
balayer,balayer,VERB,18,Partie_2
barbe,barbe,NOUN,18,Partie_2
boucle,boucle,NOUN,18,Partie_2
capturer,capturer,VERB,18,Partie_2
caresse,caresse,NOUN,18,Partie_2
charmant,charmant,ADJ,18,Partie_2
claquer,claquer,VERB,18,Partie_2
client,client,NOUN,18,Partie_2
coffre,coffre,NOUN,18,Partie_2
compliquer,compliquer,VERB,18,Partie_2
contourner,contourner,VERB,18,Partie_2
contrôler,contrôler,VERB,18,Partie_2
couvert,couvert,NOUN,18,Partie_2
demande,demande,NOUN,18,Partie_2
empoisonner,empoisonner,VERB,18,Partie_2
enlacer,enlacer,VERB,18,Partie_2
exact,exact,ADJ,18,Partie_2
explosion,explosion,NOUN,18,Partie_2
fixer,fixer,VERB,18,Partie_2
guider,guider,VERB,18,Partie_2
hanter,hanter,VERB,18,Partie_2
huile,huile,NOUN,18,Partie_2
impressionnant,impressionnant,ADJ,18,Partie_2
imprègner,imprègner,VERB,18,Partie_2
instinct,instinct,NOUN,18,Partie_2
interroger,interroger,VERB,18,Partie_2
intimité,intimité,NOUN,18,Partie_2
intéressant,intéressant,ADJ,18,Partie_2
liste,liste,NOUN,18,Partie_2
manipuler,manipuler,VERB,18,Partie_2
miel,miel,NOUN,18,Partie_2
miette,miette,NOUN,18,Partie_2
mise,mise,NOUN,18,Partie_2
moustache,moustache,NOUN,18,Partie_2
méthel,méthel,ADJ,18,Partie_2
nouvelle,nouvelle,NOUN,18,Partie_2
ouverture,ouverture,NOUN,18,Partie_2
payer,payer,VERB,18,Partie_2
piège,piège,NOUN,18,Partie_2
plaindre,plaindre,VERB,18,Partie_2
poignée,poignée,NOUN,18,Partie_2
prouver,prouver,VERB,18,Partie_2
proximité,proximité,NOUN,18,Partie_2
prévoir,prévoir,VERB,18,Partie_2
pétale,pétale,NOUN,18,Partie_2
qualité,qualité,NOUN,18,Partie_2
rang,rang,NOUN,18,Partie_2
refléter,refléter,VERB,18,Partie_2
renoncer,renoncer,VERB,18,Partie_2
rideau,rideau,NOUN,18,Partie_2
risquer,risquer,VERB,18,Partie_2
récolter,récolter,VERB,18,Partie_2
résonner,résonner,VERB,18,Partie_2
sac,sac,NOUN,18,Partie_2
salive,salive,NOUN,18,Partie_2
serviteur,serviteur,NOUN,18,Partie_2
soulagement,soulagement,NOUN,18,Partie_2
surveiller,surveiller,VERB,18,Partie_2
tort,tort,NOUN,18,Partie_2
tristesse,tristesse,NOUN,18,Partie_2
truc,truc,NOUN,18,Partie_2
trésor,trésor,NOUN,18,Partie_2
type,type,NOUN,18,Partie_2
vaste,vaste,ADJ,18,Partie_2
voleurs,voleurs,NOUN,18,Partie_2
éclabousser,éclabousser,VERB,18,Partie_2
écrouler,écrouler,VERB,18,Partie_2
Miasmes,Miasmes,PROPN,17,Partie_2
Tamaris,Tamaris,PROPN,17,Partie_2
accéder,accéder,VERB,17,Partie_2
admire,admire,VERB,17,Partie_2
aigu,aigu,ADJ,17,Partie_2
alourdir,alourdir,VERB,17,Partie_2
armure,armure,NOUN,17,Partie_2
arrêt,arrêt,NOUN,17,Partie_2
astre,astre,NOUN,17,Partie_2
bizarre,bizarre,ADJ,17,Partie_2
blesser,blesser,VERB,17,Partie_2
chant,chant,NOUN,17,Partie_2
chevelure,chevelure,NOUN,17,Partie_2
clef,clef,PROPN,17,Partie_2
courbe,courbe,NOUN,17,Partie_2
couver,couver,VERB,17,Partie_2
cuivre,cuivre,NOUN,17,Partie_2
danse,danse,NOUN,17,Partie_2
différence,différence,NOUN,17,Partie_2
discuter,discuter,VERB,17,Partie_2
divin,divin,ADJ,17,Partie_2
dépendre,dépendre,VERB,17,Partie_2
effondrer,effondrer,VERB,17,Partie_2
emprisonner,emprisonner,VERB,17,Partie_2
enchaîner,enchaîner,VERB,17,Partie_2
enterrer,enterrer,VERB,17,Partie_2
entourer,entourer,VERB,17,Partie_2
exclamation,exclamation,NOUN,17,Partie_2
excuser,excuser,VERB,17,Partie_2
exemple,exemple,NOUN,17,Partie_2
fardeau,fardeau,NOUN,17,Partie_2
flaque,flaque,NOUN,17,Partie_2
fluide,fluide,ADJ,17,Partie_2
fragment,fragment,NOUN,17,Partie_2
fureur,fureur,NOUN,17,Partie_2
graver,graver,VERB,17,Partie_2
gravité,gravité,NOUN,17,Partie_2
gâcher,gâcher,VERB,17,Partie_2
hocher,hocher,VERB,17,Partie_2
indiquer,indiquer,VERB,17,Partie_2
inspirer,inspirer,VERB,17,Partie_2
intense,intense,ADJ,17,Partie_2
intime,intime,ADJ,17,Partie_2
lettre,lettre,NOUN,17,Partie_2
malaise,malaise,NOUN,17,Partie_2
minuscule,minuscule,ADJ,17,Partie_2
miroirs,miroirs,NOUN,17,Partie_2
parchemin,parchemin,NOUN,17,Partie_2
parle,parle,ADJ,17,Partie_2
patienter,patienter,VERB,17,Partie_2
perd,perd,ADJ,17,Partie_2
pique,pique,VERB,17,Partie_2
poil,poil,NOUN,17,Partie_2
privé,privé,ADJ,17,Partie_2
préoccuper,préoccuper,VERB,17,Partie_2
repos,repos,NOUN,17,Partie_2
resserrer,resserrer,VERB,17,Partie_2
roche,roche,NOUN,17,Partie_2
roue,roue,NOUN,17,Partie_2
râle,râle,NOUN,17,Partie_2
résister,résister,VERB,17,Partie_2
réussite,réussite,NOUN,17,Partie_2
soigner,soigner,VERB,17,Partie_2
soirée,soirée,NOUN,17,Partie_2
statue,statue,NOUN,17,Partie_2
talent,talent,NOUN,17,Partie_2
tapoter,tapoter,VERB,17,Partie_2
temple,temple,NOUN,17,Partie_2
train,train,NOUN,17,Partie_2
transporter,transporter,VERB,17,Partie_2
tâche,tâche,NOUN,17,Partie_2
urgence,urgence,NOUN,17,Partie_2
utile,utile,ADJ,17,Partie_2
vengeance,vengeance,NOUN,17,Partie_2
voyager,voyager,VERB,17,Partie_2
Épouvantail,Épouvantail,PROPN,17,Partie_2
échec,échec,NOUN,17,Partie_2
écho,écho,NOUN,17,Partie_2
échouer,échouer,VERB,17,Partie_2
étincelle,étincelle,NOUN,17,Partie_2
étreinte,étreinte,NOUN,17,Partie_2
Crimson,Crimson,PROPN,16,Partie_2
Esther,Esther,PROPN,16,Partie_2
Seirova,Seirova,PROPN,16,Partie_2
adolescent,adolescent,NOUN,16,Partie_2
alcool,alcool,NOUN,16,Partie_2
autoriser,autoriser,VERB,16,Partie_2
baisser,baisser,VERB,16,Partie_2
calmer,calmer,VERB,16,Partie_2
camarade,camarade,NOUN,16,Partie_2
chaleureux,chaleureux,ADJ,16,Partie_2
cheville,cheville,NOUN,16,Partie_2
consentir,consentir,VERB,16,Partie_2
conviction,conviction,NOUN,16,Partie_2
courir,courir,VERB,16,Partie_2
croc,croc,NOUN,16,Partie_2
crépuscule,crépuscule,NOUN,16,Partie_2
dessiner,dessiner,VERB,16,Partie_2
diamant,diamant,NOUN,16,Partie_2
douter,douter,VERB,16,Partie_2
durer,durer,VERB,16,Partie_2
défaire,défaire,VERB,16,Partie_2
déranger,déranger,VERB,16,Partie_2
désigner,désigner,VERB,16,Partie_2
emprise,emprise,NOUN,16,Partie_2
escalier,escalier,NOUN,16,Partie_2
essouffler,essouffler,VERB,16,Partie_2
exception,exception,NOUN,16,Partie_2
flot,flot,NOUN,16,Partie_2
fourrure,fourrure,NOUN,16,Partie_2
hommage,hommage,NOUN,16,Partie_2
importance,importance,NOUN,16,Partie_2
incliner,incliner,VERB,16,Partie_2
innocent,innocent,ADJ,16,Partie_2
inquiétude,inquiétude,NOUN,16,Partie_2
intensité,intensité,NOUN,16,Partie_2
intuition,intuition,NOUN,16,Partie_2
lanterne,lanterne,NOUN,16,Partie_2
lisse,lisse,ADJ,16,Partie_2
légende,légende,NOUN,16,Partie_2
mensonge,mensonge,NOUN,16,Partie_2
mouiller,mouiller,VERB,16,Partie_2
noble,noble,ADJ,16,Partie_2
néant,néant,NOUN,16,Partie_2
obsession,obsession,NOUN,16,Partie_2
origine,origine,NOUN,16,Partie_2
pause,pause,NOUN,16,Partie_2
peser,peser,VERB,16,Partie_2
piratesse,piratesse,NOUN,16,Partie_2
portrait,portrait,NOUN,16,Partie_2
poursuivre,poursuivre,VERB,16,Partie_2
prie,prie,VERB,16,Partie_2
préciser,préciser,VERB,16,Partie_2
quitte,quitte,VERB,16,Partie_2
rayon,rayon,NOUN,16,Partie_2
relation,relation,NOUN,16,Partie_2
repère,repère,NOUN,16,Partie_2
rican,rican,VERB,16,Partie_2
ruban,ruban,NOUN,16,Partie_2
réaliser,réaliser,VERB,16,Partie_2
régulier,régulier,ADJ,16,Partie_2
résistance,résistance,NOUN,16,Partie_2
réunir,réunir,VERB,16,Partie_2
saluer,saluer,VERB,16,Partie_2
sauvage,sauvage,ADJ,16,Partie_2
sauveur,sauveur,NOUN,16,Partie_2
souiller,souiller,VERB,16,Partie_2
sourd,sourd,ADJ,16,Partie_2
sous-sol,sous-sol,NOUN,16,Partie_2
soutenir,soutenir,VERB,16,Partie_2
tapisser,tapisser,VERB,16,Partie_2
tendu,tendu,ADJ,16,Partie_2
timide,timide,ADJ,16,Partie_2
transmettre,transmettre,VERB,16,Partie_2
transpercer,transpercer,VERB,16,Partie_2
témoin,témoin,NOUN,16,Partie_2
victime,victime,NOUN,16,Partie_2
vitesse,vitesse,NOUN,16,Partie_2
vol,vol,NOUN,16,Partie_2
écurie,écurie,NOUN,16,Partie_2
élargir,élargir,VERB,16,Partie_2
éternité,éternité,NOUN,16,Partie_2
