Id,Label,POS_Category,Total_Frequency,partie
pouvoir,pouvoir,VERB,787,Partie_1
savoir,savoir,VERB,592,Partie_1
vouloir,vouloir,VERB,505,Partie_1
main,main,NOUN,494,Partie_1
Killian,Killian,PROPN,456,Partie_1
Alric,Alric,PROPN,361,Partie_1
temps,temps,NOUN,356,Partie_1
Arya,Arya,PROPN,340,Partie_1
prendre,prendre,VERB,330,Partie_1
cœur,cœur,NOUN,326,Partie_1
fois,fois,NOUN,326,Partie_1
mot,mot,NOUN,325,Partie_1
aller,aller,VERB,319,Partie_1
oeil,oeil,NOUN,305,Partie_1
devoir,devoir,VERB,300,Partie_1
petit,petit,ADJ,282,Partie_1
laisser,laisser,VERB,274,Partie_1
seul,seul,ADJ,274,Partie_1
tête,tête,NOUN,274,Partie_1
corps,corps,NOUN,268,Partie_1
Abel,Abel,PROPN,264,Partie_1
voir,voir,VERB,262,Partie_1
mots,mots,PROPN,261,Partie_1
regard,regard,NOUN,260,Partie_1
venir,venir,VERB,255,Partie_1
passer,passer,VERB,252,Partie_1
souvenir,souvenir,NOUN,248,Partie_1
Aïdan,Aïdan,PROPN,246,Partie_1
voix,voix,NOUN,239,Partie_1
vie,vie,NOUN,235,Partie_1
Reina,Reina,PROPN,234,Partie_1
sang,sang,NOUN,232,Partie_1
grand,grand,ADJ,223,Partie_1
comprendre,comprendre,VERB,207,Partie_1
chose,chose,NOUN,205,Partie_1
nouveau,nouveau,ADJ,204,Partie_1
mettre,mettre,VERB,200,Partie_1
visage,visage,NOUN,196,Partie_1
rester,rester,VERB,194,Partie_1
donner,donner,VERB,188,Partie_1
prince,prince,NOUN,184,Partie_1
connaître,connaître,VERB,183,Partie_1
magie,magie,NOUN,182,Partie_1
côté,côté,NOUN,181,Partie_1
trouver,trouver,VERB,181,Partie_1
peau,peau,NOUN,178,Partie_1
monde,monde,NOUN,173,Partie_1
attendre,attendre,VERB,171,Partie_1
émotion,émotion,NOUN,171,Partie_1
devenir,devenir,VERB,168,Partie_1
doigt,doigt,NOUN,167,Partie_1
jour,jour,NOUN,167,Partie_1
dernier,dernier,ADJ,162,Partie_1
penser,penser,VERB,162,Partie_1
aimer,aimer,VERB,160,Partie_1
amour,amour,NOUN,160,Partie_1
moment,moment,NOUN,159,Partie_1
croire,croire,VERB,157,Partie_1
bras,bras,NOUN,154,Partie_1
mort,mort,NOUN,154,Partie_1
falloir,falloir,VERB,151,Partie_1
beau,beau,ADJ,149,Partie_1
perdre,perdre,VERB,149,Partie_1
esprit,esprit,NOUN,147,Partie_1
sentir,sentir,VERB,147,Partie_1
âme,âme,NOUN,147,Partie_1
livre,livre,NOUN,146,Partie_1
noir,noir,ADJ,145,Partie_1
lumière,lumière,NOUN,143,Partie_1
peur,peur,NOUN,142,Partie_1
Passeuse,Passeuse,PROPN,140,Partie_1
chercher,chercher,VERB,140,Partie_1
propre,propre,ADJ,139,Partie_1
doute,doute,NOUN,138,Partie_1
question,question,NOUN,138,Partie_1
entendre,entendre,VERB,137,Partie_1
sortir,sortir,VERB,136,Partie_1
bouche,bouche,NOUN,135,Partie_1
nuit,nuit,NOUN,135,Partie_1
blanc,blanc,ADJ,132,Partie_1
demander,demander,VERB,132,Partie_1
voleur,voleur,NOUN,131,Partie_1
sourire,sourire,NOUN,130,Partie_1
arriver,arriver,VERB,129,Partie_1
place,place,NOUN,128,Partie_1
nom,nom,NOUN,126,Partie_1
sembler,sembler,VERB,125,Partie_1
vrai,vrai,ADJ,125,Partie_1
arbre,arbre,NOUN,124,Partie_1
porter,porter,VERB,122,Partie_1
parler,parler,VERB,121,Partie_1
rendre,rendre,VERB,121,Partie_1
œil,œil,NOUN,121,Partie_1
épaule,épaule,NOUN,120,Partie_1
ouvrir,ouvrir,VERB,118,Partie_1
eau,eau,NOUN,116,Partie_1
intérieur,intérieur,NOUN,116,Partie_1
tomber,tomber,VERB,116,Partie_1
homme,homme,NOUN,115,Partie_1
mère,mère,NOUN,115,Partie_1
air,air,NOUN,114,Partie_1
vérité,vérité,NOUN,114,Partie_1
femme,femme,NOUN,113,Partie_1
fin,fin,NOUN,113,Partie_1
pied,pied,NOUN,113,Partie_1
dos,dos,NOUN,112,Partie_1
force,force,NOUN,112,Partie_1
besoin,besoin,NOUN,111,Partie_1
histoire,histoire,NOUN,110,Partie_1
cheveu,cheveu,NOUN,109,Partie_1
retrouver,retrouver,VERB,107,Partie_1
tenir,tenir,VERB,105,Partie_1
coup,coup,NOUN,104,Partie_1
feu,feu,NOUN,103,Partie_1
Cassandre,Cassandre,PROPN,102,Partie_1
rose,rose,PROPN,102,Partie_1
part,part,NOUN,100,Partie_1
poser,poser,VERB,98,Partie_1
terre,terre,NOUN,98,Partie_1
traverser,traverser,VERB,98,Partie_1
raison,raison,NOUN,97,Partie_1
long,long,ADJ,96,Partie_1
oublier,oublier,VERB,95,Partie_1
exister,exister,VERB,93,Partie_1
garder,garder,VERB,93,Partie_1
arrêter,arrêter,VERB,92,Partie_1
fleur,fleur,NOUN,92,Partie_1
porte,porte,NOUN,91,Partie_1
rouge,rouge,ADJ,91,Partie_1
forêt,forêt,NOUN,90,Partie_1
revenir,revenir,VERB,90,Partie_1
tourner,tourner,VERB,90,Partie_1
ciel,ciel,NOUN,89,Partie_1
lèvre,lèvre,NOUN,89,Partie_1
odeur,odeur,NOUN,89,Partie_1
ombre,ombre,NOUN,89,Partie_1
partie,partie,NOUN,89,Partie_1
bout,bout,NOUN,88,Partie_1
enfant,enfant,NOUN,88,Partie_1
changer,changer,VERB,87,Partie_1
continuer,continuer,VERB,87,Partie_1
quitter,quitter,VERB,87,Partie_1
sens,sens,NOUN,87,Partie_1
cacher,cacher,VERB,86,Partie_1
créature,créature,NOUN,86,Partie_1
famille,famille,NOUN,86,Partie_1
pensée,pensée,NOUN,86,Partie_1
mémoire,mémoire,NOUN,85,Partie_1
souffrance,souffrance,NOUN,85,Partie_1
étrange,étrange,ADJ,84,Partie_1
chair,chair,NOUN,83,Partie_1
douleur,douleur,NOUN,83,Partie_1
prêt,prêt,ADJ,83,Partie_1
accepter,accepter,VERB,81,Partie_1
aider,aider,VERB,80,Partie_1
servir,servir,VERB,80,Partie_1
envie,envie,NOUN,79,Partie_1
rêve,rêve,NOUN,79,Partie_1
plume,plume,NOUN,78,Partie_1
père,père,NOUN,78,Partie_1
suivre,suivre,VERB,78,Partie_1
forme,forme,NOUN,77,Partie_1
former,former,VERB,77,Partie_1
lit,lit,NOUN,77,Partie_1
mourir,mourir,VERB,77,Partie_1
retenir,retenir,VERB,77,Partie_1
verre,verre,NOUN,77,Partie_1
rire,rire,NOUN,76,Partie_1
répondre,répondre,VERB,76,Partie_1
fond,fond,NOUN,75,Partie_1
milieu,milieu,NOUN,75,Partie_1
réponse,réponse,NOUN,75,Partie_1
silence,silence,NOUN,75,Partie_1
compagnon,compagnon,NOUN,74,Partie_1
pierre,pierre,NOUN,74,Partie_1
Saren,Saren,PROPN,73,Partie_1
arracher,arracher,VERB,72,Partie_1
bleu,bleu,ADJ,72,Partie_1
geste,geste,NOUN,72,Partie_1
rejoindre,rejoindre,VERB,72,Partie_1
relever,relever,VERB,72,Partie_1
roi,roi,NOUN,72,Partie_1
importer,importer,VERB,71,Partie_1
montrer,montrer,VERB,71,Partie_1
soleil,soleil,NOUN,71,Partie_1
manière,manière,NOUN,70,Partie_1
secret,secret,NOUN,70,Partie_1
Luna,Luna,PROPN,69,Partie_1
lieu,lieu,NOUN,69,Partie_1
simple,simple,ADJ,69,Partie_1
approcher,approcher,VERB,68,Partie_1
oreille,oreille,NOUN,68,Partie_1
utiliser,utiliser,VERB,68,Partie_1
ancien,ancien,ADJ,67,Partie_1
page,page,NOUN,67,Partie_1
ressembler,ressembler,VERB,67,Partie_1
seconde,seconde,NOUN,67,Partie_1
sûr,sûr,ADJ,67,Partie_1
vide,vide,NOUN,67,Partie_1
ami,ami,NOUN,66,Partie_1
finir,finir,VERB,66,Partie_1
impression,impression,NOUN,66,Partie_1
ressentir,ressentir,VERB,66,Partie_1
Archelune,Archelune,PROPN,65,Partie_1
Hélianthe,Hélianthe,PROPN,65,Partie_1
compte,compte,NOUN,65,Partie_1
empêcher,empêcher,VERB,65,Partie_1
larme,larme,NOUN,65,Partie_1
lever,lever,VERB,65,Partie_1
sentiment,sentiment,NOUN,65,Partie_1
tendre,tendre,VERB,65,Partie_1
couleur,couleur,NOUN,64,Partie_1
frère,frère,NOUN,64,Partie_1
jouer,jouer,VERB,64,Partie_1
lien,lien,NOUN,64,Partie_1
posséder,posséder,VERB,64,Partie_1
protéger,protéger,VERB,64,Partie_1
tour,tour,NOUN,64,Partie_1
Dhurgal,Dhurgal,PROPN,63,Partie_1
Mantra,Mantra,PROPN,63,Partie_1
bois,bois,NOUN,63,Partie_1
colère,colère,NOUN,63,Partie_1
jeune,jeune,ADJ,63,Partie_1
offrir,offrir,VERB,63,Partie_1
étoile,étoile,NOUN,63,Partie_1
image,image,NOUN,62,Partie_1
toucher,toucher,VERB,62,Partie_1
battre,battre,VERB,61,Partie_1
chemin,chemin,NOUN,61,Partie_1
nature,nature,NOUN,61,Partie_1
présent,présent,NOUN,61,Partie_1
capable,capable,ADJ,60,Partie_1
parole,parole,NOUN,60,Partie_1
partir,partir,VERB,60,Partie_1
choix,choix,NOUN,59,Partie_1
heure,heure,NOUN,59,Partie_1
poitrine,poitrine,NOUN,59,Partie_1
regarder,regarder,VERB,59,Partie_1
réalité,réalité,NOUN,59,Partie_1
peine,peine,NOUN,58,Partie_1
royaume,royaume,NOUN,58,Partie_1
vivre,vivre,VERB,58,Partie_1
Hélios,Hélios,PROPN,57,Partie_1
appel,appel,NOUN,57,Partie_1
confiance,confiance,NOUN,57,Partie_1
mauvais,mauvais,ADJ,57,Partie_1
réussir,réussir,VERB,57,Partie_1
travers,travers,NOUN,57,Partie_1
aile,aile,NOUN,56,Partie_1
cause,cause,NOUN,56,Partie_1
compter,compter,VERB,56,Partie_1
idée,idée,NOUN,56,Partie_1
sombre,sombre,ADJ,56,Partie_1
bruit,bruit,NOUN,55,Partie_1
fille,fille,NOUN,55,Partie_1
jeter,jeter,VERB,55,Partie_1
mouvement,mouvement,NOUN,55,Partie_1
os,os,NOUN,55,Partie_1
sauver,sauver,VERB,55,Partie_1
tuer,tuer,VERB,55,Partie_1
éclat,éclat,NOUN,55,Partie_1
cas,cas,NOUN,54,Partie_1
découvrir,découvrir,VERB,54,Partie_1
essayer,essayer,VERB,54,Partie_1
présence,présence,NOUN,54,Partie_1
retourner,retourner,VERB,54,Partie_1
souffle,souffle,NOUN,54,Partie_1
écouter,écouter,VERB,54,Partie_1
appartenir,appartenir,VERB,53,Partie_1
échapper,échapper,VERB,53,Partie_1
Mantras,Mantras,PROPN,52,Partie_1
cou,cou,NOUN,52,Partie_1
face,face,NOUN,52,Partie_1
flèche,flèche,NOUN,52,Partie_1
possible,possible,ADJ,52,Partie_1
pousser,pousser,VERB,52,Partie_1
énergie,énergie,NOUN,52,Partie_1
agir,agir,VERB,51,Partie_1
beauté,beauté,NOUN,51,Partie_1
chambre,chambre,NOUN,51,Partie_1
couler,couler,VERB,51,Partie_1
disparaître,disparaître,VERB,51,Partie_1
douceur,douceur,NOUN,51,Partie_1
droit,droit,NOUN,51,Partie_1
froid,froid,ADJ,51,Partie_1
herbe,herbe,NOUN,51,Partie_1
manquer,manquer,VERB,51,Partie_1
profond,profond,ADJ,51,Partie_1
sorte,sorte,NOUN,51,Partie_1
animal,animal,NOUN,50,Partie_1
désir,désir,NOUN,50,Partie_1
espoir,espoir,NOUN,50,Partie_1
lieutenant,lieutenant,NOUN,50,Partie_1
parfum,parfum,NOUN,50,Partie_1
reprendre,reprendre,VERB,50,Partie_1
sol,sol,NOUN,50,Partie_1
soldat,soldat,NOUN,50,Partie_1
écarter,écarter,VERB,50,Partie_1
Sol'Zar,Sol'Zar,PROPN,49,Partie_1
front,front,NOUN,49,Partie_1
instant,instant,NOUN,49,Partie_1
miroir,miroir,NOUN,49,Partie_1
silhouette,silhouette,NOUN,49,Partie_1
ténèbre,ténèbre,NOUN,49,Partie_1
ventre,ventre,NOUN,49,Partie_1
voler,voler,VERB,49,Partie_1
éloigner,éloigner,VERB,49,Partie_1
apprendre,apprendre,VERB,48,Partie_1
bas,bas,ADJ,48,Partie_1
brûler,brûler,VERB,48,Partie_1
cri,cri,NOUN,48,Partie_1
créer,créer,VERB,48,Partie_1
endroit,endroit,NOUN,48,Partie_1
jambe,jambe,NOUN,48,Partie_1
suffire,suffire,VERB,48,Partie_1
Archalyens,Archalyens,PROPN,47,Partie_1
accueillir,accueillir,VERB,47,Partie_1
attention,attention,NOUN,47,Partie_1
chaleur,chaleur,NOUN,47,Partie_1
flamme,flamme,NOUN,47,Partie_1
genre,genre,NOUN,47,Partie_1
invisible,invisible,ADJ,47,Partie_1
paupière,paupière,NOUN,47,Partie_1
refuser,refuser,VERB,47,Partie_1
retirer,retirer,VERB,47,Partie_1
vieux,vieux,ADJ,47,Partie_1
Miasme,Miasme,PROPN,46,Partie_1
abandonner,abandonner,VERB,46,Partie_1
cœurs,cœurs,NOUN,46,Partie_1
langue,langue,NOUN,46,Partie_1
mur,mur,NOUN,46,Partie_1
nez,nez,NOUN,46,Partie_1
couper,couper,VERB,45,Partie_1
début,début,NOUN,45,Partie_1
entier,entier,ADJ,45,Partie_1
espérer,espérer,VERB,45,Partie_1
fermer,fermer,VERB,45,Partie_1
général,général,NOUN,45,Partie_1
papillon,papillon,NOUN,45,Partie_1
reine,reine,NOUN,45,Partie_1
remarquer,remarquer,VERB,45,Partie_1
réveiller,réveiller,VERB,45,Partie_1
appeler,appeler,VERB,44,Partie_1
chance,chance,NOUN,44,Partie_1
chaud,chaud,ADJ,44,Partie_1
encre,encre,NOUN,44,Partie_1
haine,haine,NOUN,44,Partie_1
lire,lire,VERB,44,Partie_1
remplir,remplir,VERB,44,Partie_1
-tac,-tac,PROPN,43,Partie_1
Rosenwald,Rosenwald,PROPN,43,Partie_1
Teslan,Teslan,PROPN,43,Partie_1
année,année,NOUN,43,Partie_1
avancer,avancer,VERB,43,Partie_1
choisir,choisir,VERB,43,Partie_1
creux,creux,NOUN,43,Partie_1
doux,doux,ADJ,43,Partie_1
entrer,entrer,VERB,43,Partie_1
illusion,illusion,NOUN,43,Partie_1
imaginer,imaginer,VERB,43,Partie_1
naître,naître,VERB,43,Partie_1
partager,partager,VERB,43,Partie_1
pluie,pluie,NOUN,43,Partie_1
serpent,serpent,NOUN,43,Partie_1
véritable,véritable,ADJ,43,Partie_1
Onyx,Onyx,PROPN,42,Partie_1
accompagner,accompagner,VERB,42,Partie_1
accrocher,accrocher,VERB,42,Partie_1
allonger,allonger,VERB,42,Partie_1
branche,branche,NOUN,42,Partie_1
briser,briser,VERB,42,Partie_1
décider,décider,VERB,42,Partie_1
obscurité,obscurité,NOUN,42,Partie_1
oiseau,oiseau,NOUN,42,Partie_1
transformer,transformer,VERB,42,Partie_1
voulais,voulais,VERB,42,Partie_1
Megara,Megara,PROPN,41,Partie_1
enfoncer,enfoncer,VERB,41,Partie_1
humain,humain,ADJ,41,Partie_1
meilleur,meilleur,ADJ,41,Partie_1
minute,minute,NOUN,41,Partie_1
monstre,monstre,NOUN,41,Partie_1
observer,observer,VERB,41,Partie_1
parfait,parfait,ADJ,41,Partie_1
reste,reste,NOUN,41,Partie_1
vert,vert,ADJ,41,Partie_1
vision,vision,NOUN,41,Partie_1
argent,argent,NOUN,40,Partie_1
commencer,commencer,VERB,40,Partie_1
important,important,ADJ,40,Partie_1
plaisir,plaisir,NOUN,40,Partie_1
puissant,puissant,ADJ,40,Partie_1
racine,racine,NOUN,40,Partie_1
tirer,tirer,VERB,40,Partie_1
Thorval,Thorval,PROPN,39,Partie_1
atteindre,atteindre,VERB,39,Partie_1
commun,commun,ADJ,39,Partie_1
conscient,conscient,ADJ,39,Partie_1
difficile,difficile,ADJ,39,Partie_1
marche,marche,NOUN,39,Partie_1
moindre,moindre,ADJ,39,Partie_1
monter,monter,VERB,39,Partie_1
obliger,obliger,VERB,39,Partie_1
paraître,paraître,VERB,39,Partie_1
pleurer,pleurer,VERB,39,Partie_1
rencontrer,rencontrer,VERB,39,Partie_1
tristesse,tristesse,NOUN,39,Partie_1
Limë,Limë,PROPN,38,Partie_1
conscience,conscience,NOUN,38,Partie_1
croiser,croiser,VERB,38,Partie_1
effacer,effacer,VERB,38,Partie_1
ligne,ligne,NOUN,38,Partie_1
raconter,raconter,VERB,38,Partie_1
repousser,repousser,VERB,38,Partie_1
Eidolôn,Eidolôn,PROPN,37,Partie_1
feuille,feuille,NOUN,37,Partie_1
incapable,incapable,ADJ,37,Partie_1
joue,joue,NOUN,37,Partie_1
masque,masque,NOUN,37,Partie_1
poussière,poussière,NOUN,37,Partie_1
recevoir,recevoir,VERB,37,Partie_1
répéter,répéter,VERB,37,Partie_1
attirer,attirer,VERB,36,Partie_1
blessure,blessure,NOUN,36,Partie_1
calme,calme,NOUN,36,Partie_1
caresser,caresser,VERB,36,Partie_1
contraire,contraire,NOUN,36,Partie_1
fou,fou,ADJ,36,Partie_1
lourd,lourd,ADJ,36,Partie_1
marcher,marcher,VERB,36,Partie_1
semblable,semblable,ADJ,36,Partie_1
vent,vent,NOUN,36,Partie_1
éteindre,éteindre,VERB,36,Partie_1
avance,avance,NOUN,35,Partie_1
chemise,chemise,NOUN,35,Partie_1
fil,fil,NOUN,35,Partie_1
malade,malade,ADJ,35,Partie_1
moitié,moitié,NOUN,35,Partie_1
symbole,symbole,NOUN,35,Partie_1
épée,épée,NOUN,35,Partie_1
arme,arme,NOUN,34,Partie_1
attraper,attraper,VERB,34,Partie_1
baiser,baiser,NOUN,34,Partie_1
charger,charger,VERB,34,Partie_1
château,château,NOUN,34,Partie_1
courage,courage,NOUN,34,Partie_1
danger,danger,NOUN,34,Partie_1
gorge,gorge,NOUN,34,Partie_1
guide,guide,NOUN,34,Partie_1
jeu,jeu,NOUN,34,Partie_1
léger,léger,ADJ,34,Partie_1
marquer,marquer,VERB,34,Partie_1
mois,mois,NOUN,34,Partie_1
peuple,peuple,NOUN,34,Partie_1
pointer,pointer,VERB,34,Partie_1
retour,retour,NOUN,34,Partie_1
surface,surface,NOUN,34,Partie_1
surprendre,surprendre,VERB,34,Partie_1
ville,ville,NOUN,34,Partie_1
appuyer,appuyer,VERB,33,Partie_1
cadeau,cadeau,NOUN,33,Partie_1
cesser,cesser,VERB,33,Partie_1
contenir,contenir,VERB,33,Partie_1
détacher,détacher,VERB,33,Partie_1
ennemi,ennemi,NOUN,33,Partie_1
goutte,goutte,NOUN,33,Partie_1
libérer,libérer,VERB,33,Partie_1
magique,magique,ADJ,33,Partie_1
mer,mer,NOUN,33,Partie_1
nourrir,nourrir,VERB,33,Partie_1
prononcer,prononcer,VERB,33,Partie_1
révéler,révéler,VERB,33,Partie_1
unique,unique,ADJ,33,Partie_1
vois,vois,ADJ,33,Partie_1
Loothar,Loothar,PROPN,32,Partie_1
accorder,accorder,VERB,32,Partie_1
cauchemar,cauchemar,NOUN,32,Partie_1
culpabilité,culpabilité,NOUN,32,Partie_1
dormir,dormir,VERB,32,Partie_1
détourner,détourner,VERB,32,Partie_1
existence,existence,NOUN,32,Partie_1
fantôme,fantôme,NOUN,32,Partie_1
garde,garde,NOUN,32,Partie_1
maudit,maudit,ADJ,32,Partie_1
mériter,mériter,VERB,32,Partie_1
permettre,permettre,VERB,32,Partie_1
pire,pire,ADJ,32,Partie_1
plaie,plaie,NOUN,32,Partie_1
rage,rage,NOUN,32,Partie_1
sensation,sensation,NOUN,32,Partie_1
signe,signe,NOUN,32,Partie_1
sommeil,sommeil,NOUN,32,Partie_1
soulever,soulever,VERB,32,Partie_1
vue,vue,NOUN,32,Partie_1
éclater,éclater,VERB,32,Partie_1
Protego,Protego,PROPN,31,Partie_1
admettre,admettre,VERB,31,Partie_1
couverture,couverture,NOUN,31,Partie_1
dépasser,dépasser,VERB,31,Partie_1
frapper,frapper,VERB,31,Partie_1
gros,gros,ADJ,31,Partie_1
paume,paume,NOUN,31,Partie_1
pièce,pièce,NOUN,31,Partie_1
remonter,remonter,VERB,31,Partie_1
supporter,supporter,VERB,31,Partie_1
trait,trait,NOUN,31,Partie_1
Gallicia,Gallicia,PROPN,30,Partie_1
Khamsin,Khamsin,PROPN,30,Partie_1
avouer,avouer,VERB,30,Partie_1
coin,coin,NOUN,30,Partie_1
conte,conte,NOUN,30,Partie_1
couronne,couronne,NOUN,30,Partie_1
entourer,entourer,VERB,30,Partie_1
faux,faux,ADJ,30,Partie_1
fenêtre,fenêtre,NOUN,30,Partie_1
fils,fils,NOUN,30,Partie_1
glisser,glisser,VERB,30,Partie_1
lumineux,lumineux,ADJ,30,Partie_1
maintenir,maintenir,VERB,30,Partie_1
paix,paix,NOUN,30,Partie_1
passage,passage,NOUN,30,Partie_1
phrase,phrase,NOUN,30,Partie_1
poids,poids,NOUN,30,Partie_1
poing,poing,NOUN,30,Partie_1
prêter,prêter,VERB,30,Partie_1
respirer,respirer,VERB,30,Partie_1
sable,sable,NOUN,30,Partie_1
souffrir,souffrir,VERB,30,Partie_1
suite,suite,NOUN,30,Partie_1
veine,veine,NOUN,30,Partie_1
vêtement,vêtement,NOUN,30,Partie_1
Iphas,Iphas,PROPN,29,Partie_1
asseoir,asseoir,VERB,29,Partie_1
cendre,cendre,NOUN,29,Partie_1
détruire,détruire,VERB,29,Partie_1
habitude,habitude,NOUN,29,Partie_1
heureux,heureux,ADJ,29,Partie_1
imposer,imposer,VERB,29,Partie_1
impossible,impossible,ADJ,29,Partie_1
manque,manque,NOUN,29,Partie_1
maître,maître,NOUN,29,Partie_1
naturel,naturel,ADJ,29,Partie_1
ordre,ordre,NOUN,29,Partie_1
peinture,peinture,NOUN,29,Partie_1
rare,rare,ADJ,29,Partie_1
représenter,représenter,VERB,29,Partie_1
table,table,NOUN,29,Partie_1
écouler,écouler,VERB,29,Partie_1
écrire,écrire,VERB,29,Partie_1
amuser,amuser,VERB,28,Partie_1
blesser,blesser,VERB,28,Partie_1
bête,bête,NOUN,28,Partie_1
destin,destin,NOUN,28,Partie_1
dégager,dégager,VERB,28,Partie_1
déplacer,déplacer,VERB,28,Partie_1
excuser,excuser,VERB,28,Partie_1
expliquer,expliquer,VERB,28,Partie_1
joie,joie,NOUN,28,Partie_1
parchemin,parchemin,NOUN,28,Partie_1
planter,planter,VERB,28,Partie_1
précieux,précieux,ADJ,28,Partie_1
préférer,préférer,VERB,28,Partie_1
remettre,remettre,VERB,28,Partie_1
remplacer,remplacer,VERB,28,Partie_1
rivière,rivière,NOUN,28,Partie_1
rôle,rôle,NOUN,28,Partie_1
sec,sec,ADJ,28,Partie_1
secouer,secouer,VERB,28,Partie_1
tronc,tronc,NOUN,28,Partie_1
vague,vague,NOUN,28,Partie_1
âge,âge,NOUN,28,Partie_1
équilibre,équilibre,NOUN,28,Partie_1
état,état,NOUN,28,Partie_1
Glück,Glück,PROPN,27,Partie_1
Guérisseuse,Guérisseuse,PROPN,27,Partie_1
Tutrice,Tutrice,PROPN,27,Partie_1
aide,aide,NOUN,27,Partie_1
apparaître,apparaître,VERB,27,Partie_1
apporter,apporter,VERB,27,Partie_1
cuir,cuir,NOUN,27,Partie_1
dangereux,dangereux,ADJ,27,Partie_1
direction,direction,NOUN,27,Partie_1
déposer,déposer,VERB,27,Partie_1
détail,détail,NOUN,27,Partie_1
folie,folie,NOUN,27,Partie_1
fonctionner,fonctionner,VERB,27,Partie_1
fondre,fondre,VERB,27,Partie_1
goût,goût,NOUN,27,Partie_1
intéresser,intéresser,VERB,27,Partie_1
liberté,liberté,NOUN,27,Partie_1
lâcher,lâcher,VERB,27,Partie_1
maison,maison,NOUN,27,Partie_1
murmure,murmure,NOUN,27,Partie_1
reconnaître,reconnaître,VERB,27,Partie_1
réplique,réplique,NOUN,27,Partie_1
sort,sort,NOUN,27,Partie_1
tableau,tableau,NOUN,27,Partie_1
tenter,tenter,VERB,27,Partie_1
trace,trace,NOUN,27,Partie_1
traité,traité,PROPN,27,Partie_1
œuvre,œuvre,NOUN,27,Partie_1
bouger,bouger,VERB,26,Partie_1
cage,cage,NOUN,26,Partie_1
carte,carte,NOUN,26,Partie_1
cercle,cercle,NOUN,26,Partie_1
cité,cité,NOUN,26,Partie_1
drap,drap,NOUN,26,Partie_1
désoler,désoler,VERB,26,Partie_1
dévorer,dévorer,VERB,26,Partie_1
fier,fier,ADJ,26,Partie_1
fruit,fruit,NOUN,26,Partie_1
gris,gris,ADJ,26,Partie_1
lier,lier,VERB,26,Partie_1
muscle,muscle,NOUN,26,Partie_1
occuper,occuper,VERB,26,Partie_1
rappeler,rappeler,VERB,26,Partie_1
regretter,regretter,VERB,26,Partie_1
rencontre,rencontre,NOUN,26,Partie_1
respiration,respiration,NOUN,26,Partie_1
sauter,sauter,VERB,26,Partie_1
souhaiter,souhaiter,VERB,26,Partie_1
trône,trône,NOUN,26,Partie_1
violet,violet,ADJ,26,Partie_1
voile,voile,NOUN,26,Partie_1
acte,acte,NOUN,25,Partie_1
angoisse,angoisse,NOUN,25,Partie_1
apparence,apparence,NOUN,25,Partie_1
arrivée,arrivée,NOUN,25,Partie_1
bonheur,bonheur,NOUN,25,Partie_1
briller,briller,VERB,25,Partie_1
bulle,bulle,NOUN,25,Partie_1
clair,clair,ADJ,25,Partie_1
contact,contact,NOUN,25,Partie_1
corde,corde,NOUN,25,Partie_1
corneille,corneille,NOUN,25,Partie_1
dent,dent,NOUN,25,Partie_1
dieu,dieu,NOUN,25,Partie_1
forcer,forcer,VERB,25,Partie_1
fumée,fumée,NOUN,25,Partie_1
ignorer,ignorer,VERB,25,Partie_1
iris,iris,NOUN,25,Partie_1
morceau,morceau,NOUN,25,Partie_1
obtenir,obtenir,VERB,25,Partie_1
pareil,pareil,NOUN,25,Partie_1
rassurer,rassurer,VERB,25,Partie_1
reculer,reculer,VERB,25,Partie_1
remède,remède,NOUN,25,Partie_1
reposer,reposer,VERB,25,Partie_1
revoir,revoir,VERB,25,Partie_1
rideau,rideau,NOUN,25,Partie_1
récupérer,récupérer,VERB,25,Partie_1
réel,réel,ADJ,25,Partie_1
réfléchir,réfléchir,VERB,25,Partie_1
sourcil,sourcil,NOUN,25,Partie_1
sujet,sujet,NOUN,25,Partie_1
triste,triste,ADJ,25,Partie_1
vivant,vivant,ADJ,25,Partie_1
écorce,écorce,NOUN,25,Partie_1
étouffer,étouffer,VERB,25,Partie_1
évidence,évidence,NOUN,25,Partie_1
Cité,Cité,NOUN,24,Partie_1
Mnémé,Mnémé,PROPN,24,Partie_1
Nergal,Nergal,PROPN,24,Partie_1
arche,arche,NOUN,24,Partie_1
combattre,combattre,VERB,24,Partie_1
contrôler,contrôler,VERB,24,Partie_1
crainte,crainte,NOUN,24,Partie_1
cristal,cristal,NOUN,24,Partie_1
descendre,descendre,VERB,24,Partie_1
destinée,destinée,NOUN,24,Partie_1
devr,devr,VERB,24,Partie_1
décision,décision,NOUN,24,Partie_1
enfermer,enfermer,VERB,24,Partie_1
fer,fer,NOUN,24,Partie_1
frontière,frontière,PROPN,24,Partie_1
plonger,plonger,VERB,24,Partie_1
refermer,refermer,VERB,24,Partie_1
robe,robe,NOUN,24,Partie_1
soir,soir,NOUN,24,Partie_1
survivre,survivre,VERB,24,Partie_1
taille,taille,NOUN,24,Partie_1
voie,voie,NOUN,24,Partie_1
élever,élever,VERB,24,Partie_1
Sumrala,Sumrala,PROPN,23,Partie_1
agripper,agripper,VERB,23,Partie_1
aise,aise,NOUN,23,Partie_1
baisser,baisser,VERB,23,Partie_1
chagrin,chagrin,NOUN,23,Partie_1
cicatrice,cicatrice,NOUN,23,Partie_1
colonne,colonne,NOUN,23,Partie_1
confier,confier,VERB,23,Partie_1
court,court,ADJ,23,Partie_1
crâne,crâne,NOUN,23,Partie_1
danser,danser,VERB,23,Partie_1
demeurer,demeurer,VERB,23,Partie_1
diamant,diamant,NOUN,23,Partie_1
don,don,NOUN,23,Partie_1
départ,départ,NOUN,23,Partie_1
exprimer,exprimer,VERB,23,Partie_1
franchir,franchir,VERB,23,Partie_1
gagner,gagner,VERB,23,Partie_1
gardien,gardien,NOUN,23,Partie_1
genou,genou,NOUN,23,Partie_1
grandir,grandir,VERB,23,Partie_1
hésiter,hésiter,VERB,23,Partie_1
inquiéter,inquiéter,VERB,23,Partie_1
instinct,instinct,NOUN,23,Partie_1
lancer,lancer,VERB,23,Partie_1
liquide,liquide,NOUN,23,Partie_1
lointain,lointain,ADJ,23,Partie_1
marque,marque,NOUN,23,Partie_1
quête,quête,NOUN,23,Partie_1
ramener,ramener,VERB,23,Partie_1
reflet,reflet,NOUN,23,Partie_1
saisir,saisir,VERB,23,Partie_1
surprise,surprise,NOUN,23,Partie_1
torse,torse,NOUN,23,Partie_1
écraser,écraser,VERB,23,Partie_1
épine,épine,NOUN,23,Partie_1
éviter,éviter,VERB,23,Partie_1
Naessis,Naessis,PROPN,22,Partie_1
agiter,agiter,VERB,22,Partie_1
battement,battement,NOUN,22,Partie_1
brillant,brillant,ADJ,22,Partie_1
carnet,carnet,NOUN,22,Partie_1
combat,combat,NOUN,22,Partie_1
conséquence,conséquence,NOUN,22,Partie_1
couche,couche,NOUN,22,Partie_1
courir,courir,VERB,22,Partie_1
cuisse,cuisse,NOUN,22,Partie_1
désespoir,désespoir,NOUN,22,Partie_1
détester,détester,VERB,22,Partie_1
emporter,emporter,VERB,22,Partie_1
hanche,hanche,NOUN,22,Partie_1
hauteur,hauteur,NOUN,22,Partie_1
murmurer,murmurer,VERB,22,Partie_1
parvenir,parvenir,VERB,22,Partie_1
pencher,pencher,VERB,22,Partie_1
plat,plat,NOUN,22,Partie_1
promesse,promesse,NOUN,22,Partie_1
préparer,préparer,VERB,22,Partie_1
rattraper,rattraper,VERB,22,Partie_1
résister,résister,VERB,22,Partie_1
sacrifice,sacrifice,NOUN,22,Partie_1
subir,subir,VERB,22,Partie_1
toile,toile,NOUN,22,Partie_1
valeur,valeur,NOUN,22,Partie_1
éternel,éternel,ADJ,22,Partie_1
Fer,Fer,PROPN,21,Partie_1
Gemelli,Gemelli,PROPN,21,Partie_1
Nightbringer,Nightbringer,PROPN,21,Partie_1
Passeur,Passeur,NOUN,21,Partie_1
Val,Val,PROPN,21,Partie_1
action,action,NOUN,21,Partie_1
affaire,affaire,NOUN,21,Partie_1
chasser,chasser,VERB,21,Partie_1
chouette,chouette,NOUN,21,Partie_1
collier,collier,NOUN,21,Partie_1
cours,cours,NOUN,21,Partie_1
crier,crier,VERB,21,Partie_1
côte,côte,NOUN,21,Partie_1
drôle,drôle,ADJ,21,Partie_1
déchirer,déchirer,VERB,21,Partie_1
déverser,déverser,VERB,21,Partie_1
embrasser,embrasser,VERB,21,Partie_1
enrouler,enrouler,VERB,21,Partie_1
entraîner,entraîner,VERB,21,Partie_1
installer,installer,VERB,21,Partie_1
manger,manger,VERB,21,Partie_1
occasion,occasion,NOUN,21,Partie_1
parent,parent,NOUN,21,Partie_1
percer,percer,VERB,21,Partie_1
percevoir,percevoir,VERB,21,Partie_1
placer,placer,VERB,21,Partie_1
poche,poche,NOUN,21,Partie_1
pointe,pointe,NOUN,21,Partie_1
preuve,preuve,NOUN,21,Partie_1
prix,prix,NOUN,21,Partie_1
rejeter,rejeter,VERB,21,Partie_1
second,second,ADJ,21,Partie_1
serrer,serrer,VERB,21,Partie_1
solzarien,solzarien,ADJ,21,Partie_1
sourendre,sourendre,VERB,21,Partie_1
séparer,séparer,VERB,21,Partie_1
sœur,sœur,NOUN,21,Partie_1
tendresse,tendresse,NOUN,21,Partie_1
trembler,trembler,VERB,21,Partie_1
violence,violence,NOUN,21,Partie_1
épais,épais,ADJ,21,Partie_1
Passeuses,Passeuses,PROPN,20,Partie_1
Ravenwood,Ravenwood,PROPN,20,Partie_1
achever,achever,VERB,20,Partie_1
ajouter,ajouter,VERB,20,Partie_1
attacher,attacher,VERB,20,Partie_1
bord,bord,NOUN,20,Partie_1
caresse,caresse,NOUN,20,Partie_1
coincer,coincer,VERB,20,Partie_1
contenter,contenter,VERB,20,Partie_1
cérémonie,cérémonie,PROPN,20,Partie_1
doré,doré,ADJ,20,Partie_1
envoler,envoler,VERB,20,Partie_1
espace,espace,NOUN,20,Partie_1
flotter,flotter,VERB,20,Partie_1
guerre,guerre,NOUN,20,Partie_1
hasard,hasard,NOUN,20,Partie_1
horreur,horreur,NOUN,20,Partie_1
index,index,NOUN,20,Partie_1
lueur,lueur,NOUN,20,Partie_1
maladie,maladie,NOUN,20,Partie_1
ongle,ongle,NOUN,20,Partie_1
ordinaire,ordinaire,ADJ,20,Partie_1
ouvert,ouvert,ADJ,20,Partie_1
pinceau,pinceau,NOUN,20,Partie_1
plaquer,plaquer,VERB,20,Partie_1
pleur,pleur,VERB,20,Partie_1
poignet,poignet,NOUN,20,Partie_1
porteur,porteur,NOUN,20,Partie_1
prisonnier,prisonnier,NOUN,20,Partie_1
profiter,profiter,VERB,20,Partie_1
présenter,présenter,VERB,20,Partie_1
pétale,pétale,NOUN,20,Partie_1
réclamer,réclamer,VERB,20,Partie_1
soin,soin,NOUN,20,Partie_1
statue,statue,NOUN,20,Partie_1
étonner,étonner,VERB,20,Partie_1
Démétra,Démétra,PROPN,19,Partie_1
Thiban,Thiban,PROPN,19,Partie_1
adorer,adorer,VERB,19,Partie_1
amoureux,amoureux,ADJ,19,Partie_1
avenir,avenir,NOUN,19,Partie_1
bal,bal,NOUN,19,Partie_1
boîte,boîte,NOUN,19,Partie_1
casser,casser,VERB,19,Partie_1
centaine,centaine,NOUN,19,Partie_1
champ,champ,NOUN,19,Partie_1
chaos,chaos,NOUN,19,Partie_1
choc,choc,NOUN,19,Partie_1
clé,clé,NOUN,19,Partie_1
coller,coller,VERB,19,Partie_1
contourner,contourner,VERB,19,Partie_1
conversation,conversation,NOUN,19,Partie_1
creuser,creuser,VERB,19,Partie_1
céder,céder,VERB,19,Partie_1
dessiner,dessiner,VERB,19,Partie_1
erreur,erreur,NOUN,19,Partie_1
facile,facile,ADJ,19,Partie_1
guérir,guérir,VERB,19,Partie_1
hurler,hurler,VERB,19,Partie_1
intervenir,intervenir,VERB,19,Partie_1
lame,lame,NOUN,19,Partie_1
matin,matin,NOUN,19,Partie_1
membre,membre,NOUN,19,Partie_1
nocturne,nocturne,ADJ,19,Partie_1
oser,oser,VERB,19,Partie_1
payer,payer,VERB,19,Partie_1
paysage,paysage,NOUN,19,Partie_1
perte,perte,NOUN,19,Partie_1
plaire,plaire,VERB,19,Partie_1
puissance,puissance,NOUN,19,Partie_1
redresser,redresser,VERB,19,Partie_1
remercier,remercier,VERB,19,Partie_1
renverser,renverser,VERB,19,Partie_1
sacré,sacré,ADJ,19,Partie_1
sauvage,sauvage,ADJ,19,Partie_1
solide,solide,ADJ,19,Partie_1
souiller,souiller,VERB,19,Partie_1
spécial,spécial,ADJ,19,Partie_1
tache,tache,NOUN,19,Partie_1
terrible,terrible,ADJ,19,Partie_1
titre,titre,NOUN,19,Partie_1
Évanescent,Évanescent,PROPN,19,Partie_1
élément,élément,NOUN,19,Partie_1
Dhurgals,Dhurgals,PROPN,18,Partie_1
argenter,argenter,VERB,18,Partie_1
astre,astre,NOUN,18,Partie_1
boire,boire,VERB,18,Partie_1
cache-œil,cache-œil,NOUN,18,Partie_1
cadavre,cadavre,NOUN,18,Partie_1
chevelure,chevelure,NOUN,18,Partie_1
construire,construire,VERB,18,Partie_1
croître,croître,VERB,18,Partie_1
discuter,discuter,VERB,18,Partie_1
douloureux,douloureux,ADJ,18,Partie_1
dresser,dresser,VERB,18,Partie_1
dur,dur,ADJ,18,Partie_1
délicat,délicat,ADJ,18,Partie_1
envoyer,envoyer,VERB,18,Partie_1
exploser,exploser,VERB,18,Partie_1
faute,faute,NOUN,18,Partie_1
honte,honte,NOUN,18,Partie_1
incliner,incliner,VERB,18,Partie_1
insecte,insecte,NOUN,18,Partie_1
laisse,laisse,NOUN,18,Partie_1
magnifique,magnifique,ADJ,18,Partie_1
menace,menace,NOUN,18,Partie_1
mesurer,mesurer,VERB,18,Partie_1
peindre,peindre,VERB,18,Partie_1
pâle,pâle,ADJ,18,Partie_1
rayon,rayon,NOUN,18,Partie_1
regret,regret,NOUN,18,Partie_1
réflexion,réflexion,NOUN,18,Partie_1
tempête,tempête,NOUN,18,Partie_1
tremper,tremper,VERB,18,Partie_1
vaincre,vaincre,VERB,18,Partie_1
écart,écart,NOUN,18,Partie_1
Héldon,Héldon,PROPN,17,Partie_1
Kratos,Kratos,PROPN,17,Partie_1
Narcisse,Narcisse,PROPN,17,Partie_1
absence,absence,NOUN,17,Partie_1
accomplir,accomplir,VERB,17,Partie_1
atmosphère,atmosphère,NOUN,17,Partie_1
attarder,attarder,VERB,17,Partie_1
avaler,avaler,VERB,17,Partie_1
bassin,bassin,NOUN,17,Partie_1
brume,brume,NOUN,17,Partie_1
chevet,chevet,NOUN,17,Partie_1
condition,condition,NOUN,17,Partie_1
connaissance,connaissance,NOUN,17,Partie_1
craquement,craquement,NOUN,17,Partie_1
curiosité,curiosité,NOUN,17,Partie_1
deviner,deviner,VERB,17,Partie_1
distance,distance,NOUN,17,Partie_1
douce,douce,ADJ,17,Partie_1
douter,douter,VERB,17,Partie_1
débarrasser,débarrasser,VERB,17,Partie_1
défaire,défaire,VERB,17,Partie_1
défendre,défendre,VERB,17,Partie_1
dévoiler,dévoiler,VERB,17,Partie_1
emmener,emmener,VERB,17,Partie_1
entrée,entrée,NOUN,17,Partie_1
faiblesse,faiblesse,NOUN,17,Partie_1
fouiller,fouiller,VERB,17,Partie_1
goûter,goûter,VERB,17,Partie_1
inviter,inviter,VERB,17,Partie_1
large,large,ADJ,17,Partie_1
librairie,librairie,NOUN,17,Partie_1
maman,maman,NOUN,17,Partie_1
manche,manche,NOUN,17,Partie_1
mener,mener,VERB,17,Partie_1
miracle,miracle,NOUN,17,Partie_1
métal,métal,NOUN,17,Partie_1
nuque,nuque,NOUN,17,Partie_1
objet,objet,NOUN,17,Partie_1
ouvrage,ouvrage,NOUN,17,Partie_1
pitié,pitié,NOUN,17,Partie_1
plaindre,plaindre,VERB,17,Partie_1
plante,plante,NOUN,17,Partie_1
promettre,promettre,VERB,17,Partie_1
provoquer,provoquer,VERB,17,Partie_1
recouvrir,recouvrir,VERB,17,Partie_1
relâcher,relâcher,VERB,17,Partie_1
remarque,remarque,NOUN,17,Partie_1
respect,respect,NOUN,17,Partie_1
responsable,responsable,ADJ,17,Partie_1
risque,risque,NOUN,17,Partie_1
route,route,NOUN,17,Partie_1
royal,royal,ADJ,17,Partie_1
sac,sac,NOUN,17,Partie_1
saule,saule,NOUN,17,Partie_1
solitude,solitude,NOUN,17,Partie_1
surveiller,surveiller,VERB,17,Partie_1
timide,timide,ADJ,17,Partie_1
tissu,tissu,NOUN,17,Partie_1
tourmenter,tourmenter,VERB,17,Partie_1
trésor,trésor,NOUN,17,Partie_1
voyage,voyage,NOUN,17,Partie_1
époque,époque,NOUN,17,Partie_1
étincelle,étincelle,NOUN,17,Partie_1
Immergé,Immergé,ADJ,16,Partie_1
affronter,affronter,VERB,16,Partie_1
aiguille,aiguille,NOUN,16,Partie_1
annoncer,annoncer,VERB,16,Partie_1
apaiser,apaiser,VERB,16,Partie_1
assister,assister,VERB,16,Partie_1
attaquer,attaquer,VERB,16,Partie_1
boule,boule,NOUN,16,Partie_1
but,but,NOUN,16,Partie_1
changement,changement,NOUN,16,Partie_1
coma,coma,NOUN,16,Partie_1
coucher,coucher,VERB,16,Partie_1
courant,courant,NOUN,16,Partie_1
cracher,cracher,VERB,16,Partie_1
désert,désert,NOUN,16,Partie_1
effort,effort,NOUN,16,Partie_1
faible,faible,ADJ,16,Partie_1
fatiguer,fatiguer,VERB,16,Partie_1
figer,figer,VERB,16,Partie_1
fixer,fixer,VERB,16,Partie_1
flou,flou,ADJ,16,Partie_1
grave,grave,ADJ,16,Partie_1
hocher,hocher,VERB,16,Partie_1
imiter,imiter,VERB,16,Partie_1
inscrire,inscrire,VERB,16,Partie_1
inventer,inventer,VERB,16,Partie_1
langage,langage,NOUN,16,Partie_1
lâche,lâche,NOUN,16,Partie_1
menacer,menacer,VERB,16,Partie_1
mensonge,mensonge,NOUN,16,Partie_1
mesure,mesure,NOUN,16,Partie_1
mine,mine,NOUN,16,Partie_1
mission,mission,NOUN,16,Partie_1
mousse,mousse,NOUN,16,Partie_1
noyer,noyer,VERB,16,Partie_1
onde,onde,NOUN,16,Partie_1
papier,papier,NOUN,16,Partie_1
pauvre,pauvre,ADJ,16,Partie_1
perfection,perfection,NOUN,16,Partie_1
perle,perle,NOUN,16,Partie_1
phase,phase,NOUN,16,Partie_1
plateau,plateau,NOUN,16,Partie_1
prier,prier,VERB,16,Partie_1
prière,prière,NOUN,16,Partie_1
problème,problème,NOUN,16,Partie_1
proposer,proposer,VERB,16,Partie_1
protecteur,protecteur,ADJ,16,Partie_1
préféré,préféré,ADJ,16,Partie_1
prévenir,prévenir,VERB,16,Partie_1
revanche,revanche,NOUN,16,Partie_1
rune,rune,NOUN,16,Partie_1
rythme,rythme,NOUN,16,Partie_1
réfugié,réfugié,NOUN,16,Partie_1
sécurité,sécurité,NOUN,16,Partie_1
tapoter,tapoter,VERB,16,Partie_1
tromper,tromper,VERB,16,Partie_1
trou,trou,NOUN,16,Partie_1
verser,verser,VERB,16,Partie_1
échange,échange,NOUN,16,Partie_1
